word,paper_count,total_papers,occurrences,session_count,total_sessions
author,33,33,123,11,11
found,32,33,106,11,11
increase,31,33,142,11,11
social,30,33,184,11,11
research,30,33,143,11,11
impact,30,33,99,11,11
accord,30,33,96,11,11
focus,30,33,92,11,11
university,30,33,69,11,11
recent,30,33,65,11,11
provide,29,33,95,11,11
likely,29,33,90,11,11
create,29,33,88,11,11
share,29,33,68,11,11
experience,28,33,119,11,11
tend,28,33,79,10,11
means,28,33,68,11,11
support,28,33,53,11,11
business,27,33,77,10,11
interest,27,33,70,10,11
living,27,33,67,11,11
offer,27,33,67,11,11
improve,27,33,65,11,11
view,27,33,56,11,11
cause,27,33,55,10,11
effort,27,33,54,11,11
sense,26,33,82,10,11
value,26,33,69,11,11
lose,26,33,58,10,11
rather,26,33,51,10,11
generally,26,33,29,10,11
technology,25,33,83,10,11
growth,25,33,76,11,11
state,25,33,74,10,11
environment,25,33,49,10,11
contribute,25,33,40,11,11
boost,25,33,33,11,11
used,24,33,66,10,11
actually,24,33,65,10,11
natural,24,33,63,10,11
global,24,33,60,9,11
include,24,33,56,10,11
consider,24,33,55,11,11
government,24,33,54,10,11
positive,24,33,48,11,11
force,24,33,43,10,11
result,24,33,40,11,11
significant,24,33,33,10,11
community,23,33,89,10,11
learning,23,33,81,10,11
individual,23,33,62,10,11
process,23,33,59,11,11
personal,23,33,55,10,11
promote,23,33,46,10,11
decade,23,33,45,11,11
seek,23,33,45,11,11
understanding,23,33,44,11,11
design,23,33,43,10,11
gain,23,33,43,11,11
require,23,33,43,10,11
test,23,33,42,10,11
due,23,33,34,11,11
economic,22,33,114,10,11
public,22,33,100,9,11
decision,22,33,54,11,11
culture,22,33,52,9,11
challenge,22,33,48,10,11
increasingly,22,33,48,9,11
economy,22,33,47,10,11
compare,22,33,44,9,11
course,22,33,44,11,11
role,22,33,41,8,11
argue,22,33,37,10,11
follow,22,33,36,10,11
influence,22,33,36,10,11
point,22,33,36,10,11
ensure,22,33,34,10,11
major,22,33,32,10,11
local,21,33,112,10,11
finding,21,33,71,9,11
relationship,21,33,55,10,11
publish,21,33,50,9,11
prevent,21,33,44,10,11
reduce,21,33,43,10,11
training,21,33,42,10,11
benefit,21,33,41,9,11
continue,21,33,41,9,11
within,21,33,39,10,11
effective,21,33,35,10,11
further,21,33,35,10,11
overall,21,33,27,10,11
emotion,21,33,25,10,11
professional,21,33,25,9,11
connect,21,33,24,10,11
researcher,20,33,89,9,11
common,20,33,72,10,11
century,20,33,51,9,11
financial,20,33,49,9,11
industry,20,33,48,8,11
mental,20,33,48,9,11
produce,20,33,48,10,11
rate,20,33,48,10,11
project,20,33,47,8,11
reach,20,33,40,10,11
despite,20,33,39,11,11
opportunity,20,33,39,10,11
quality,20,33,36,9,11
real,20,33,36,10,11
especially,20,33,34,9,11
introduce,20,33,33,11,11
depend,20,33,32,10,11
unique,20,33,32,10,11
prove,20,33,30,9,11
struggle,20,33,28,9,11
issue,20,33,26,9,11
imagine,20,33,25,8,11
society,19,33,64,9,11
task,19,33,49,9,11
consequence,19,33,38,9,11
determine,19,33,34,9,11
encourage,19,33,34,10,11
owner,19,33,32,8,11
strategy,19,33,29,9,11
identify,19,33,28,8,11
stick,19,33,27,8,11
novel,19,33,24,9,11
establish,19,33,19,10,11
media,18,33,78,10,11
behavior,18,33,59,9,11
population,18,33,51,9,11
system,18,33,50,8,11
evidence,18,33,45,9,11
success,18,33,44,9,11
cognitive,18,33,42,8,11
achieve,18,33,41,9,11
rise,18,33,41,10,11
access,18,33,38,9,11
explain,18,33,35,9,11
progress,18,33,34,7,11
least,18,33,30,10,11
level,18,33,30,9,11
concern,18,33,28,8,11
risk,18,33,28,9,11
income,17,33,55,9,11
space,17,33,50,10,11
species,17,33,42,9,11
reflect,17,33,38,8,11
situation,17,33,37,8,11
treat,17,33,37,9,11
importance,17,33,35,8,11
negative,17,33,35,8,11
gap,17,33,34,9,11
intelligence,17,33,32,8,11
claim,17,33,31,8,11
history,17,33,31,8,11
supply,17,33,31,8,11
enable,17,33,30,8,11
deal,17,33,29,9,11
rely,17,33,28,9,11
engage,17,33,25,8,11
explore,17,33,25,8,11
count,17,33,23,9,11
implement,17,33,23,10,11
operate,17,33,23,8,11
responsibility,17,33,23,9,11
discover,17,33,22,8,11
learned,17,33,22,9,11
recently,17,33,22,9,11
perhaps,17,33,18,10,11
academic,16,33,53,9,11
variety,16,33,51,8,11
percent,16,33,45,8,11
physical,16,33,36,8,11
performance,16,33,35,8,11
effect,16,33,33,8,11
thought,16,33,33,10,11
limited,16,33,32,8,11
condition,16,33,30,9,11
top,16,33,30,9,11
connection,16,33,29,8,11
demand,16,33,29,9,11
powerful,16,33,29,8,11
measure,16,33,27,7,11
purchase,16,33,27,8,11
mostly,16,33,25,7,11
perform,16,33,25,8,11
throughout,16,33,25,9,11
knowledge,16,33,24,9,11
prepare,16,33,24,8,11
successful,16,33,24,9,11
available,16,33,21,9,11
finance,16,33,20,9,11
political,16,33,20,10,11
multiple,16,33,19,8,11
upon,16,33,19,9,11
whole,16,33,18,8,11
emphasize,16,33,16,7,11
tie,16,33,16,9,11
memory,15,33,52,8,11
region,15,33,52,10,11
consumer,15,33,49,7,11
policy,15,33,49,8,11
environmental,15,33,44,8,11
goal,15,33,43,8,11
international,15,33,34,8,11
fear,15,33,33,9,11
popular,15,33,33,8,11
stress,15,33,32,8,11
appeal,15,33,31,6,11
complex,15,33,31,8,11
consumption,15,33,30,9,11
invest,15,33,28,8,11
serious,15,33,27,9,11
solution,15,33,27,8,11
taste,15,33,27,7,11
affect,15,33,26,8,11
degree,15,33,26,7,11
express,15,33,26,9,11
regard,15,33,26,9,11
various,15,33,26,7,11
essential,15,33,25,9,11
manage,15,33,24,8,11
enhance,15,33,22,8,11
particularly,15,33,22,8,11
comment,15,33,21,7,11
shift,15,33,21,8,11
conclusion,15,33,20,9,11
direct,15,33,20,7,11
potential,15,33,20,9,11
worse,15,33,19,7,11
type,15,33,18,9,11
unlike,15,33,18,8,11
advice,14,33,54,8,11
organization,14,33,35,8,11
reality,14,33,32,8,11
nation,14,33,30,8,11
pursue,14,33,30,7,11
solve,14,33,28,8,11
maintain,14,33,27,8,11
prefer,14,33,27,8,11
address,14,33,24,9,11
conflict,14,33,24,7,11
exist,14,33,24,8,11
general,14,33,23,8,11
complete,14,33,22,7,11
desire,14,33,22,7,11
respond,14,33,22,9,11
associate,14,33,21,10,11
describe,14,33,21,7,11
threat,14,33,21,7,11
opinion,14,33,20,9,11
observe,14,33,19,8,11
towards,14,33,19,8,11
conduct,14,33,18,6,11
decline,14,33,18,9,11
extreme,14,33,18,8,11
function,14,33,18,8,11
rarely,14,33,18,7,11
estimate,14,33,17,8,11
probably,14,33,17,8,11
trait,14,33,17,7,11
transformation,14,33,17,8,11
valuable,14,33,17,8,11
appreciate,14,33,16,8,11
recognize,14,33,16,8,11
strengthen,14,33,16,8,11
generate,14,33,15,9,11
rapid,14,33,15,7,11
refrain,14,33,15,7,11
complain,14,33,14,8,11
crisis,13,33,45,8,11
respect,13,33,42,6,11
nature,13,33,38,8,11
shape,13,33,29,7,11
creative,13,33,28,9,11
national,13,33,27,8,11
interaction,13,33,26,8,11
link,13,33,26,9,11
action,13,33,25,8,11
choice,13,33,25,8,11
professor,13,33,25,7,11
protect,13,33,25,8,11
interact,13,33,24,7,11
advocate,13,33,21,6,11
cultivate,13,33,21,6,11
law,13,33,21,7,11
budget,13,33,20,6,11
speed,13,33,20,7,11
adapt,13,33,19,7,11
saw,13,33,19,8,11
specific,13,33,19,8,11
temperature,13,33,19,7,11
current,13,33,18,8,11
independent,13,33,18,7,11
context,13,33,17,6,11
impossible,13,33,17,9,11
repeat,13,33,17,8,11
reveal,13,33,17,7,11
stem,13,33,17,8,11
debate,13,33,16,9,11
harm,13,33,16,7,11
indicate,13,33,16,7,11
list,13,33,16,7,11
wealthy,13,33,16,7,11
abandon,13,33,15,8,11
completely,13,33,15,7,11
innovation,13,33,14,8,11
recruit,13,33,14,8,11
track,13,33,14,8,11
satisfy,13,33,13,7,11
teaching,12,33,40,7,11
medical,12,33,36,6,11
personality,12,33,35,7,11
investment,12,33,26,7,11
majority,12,33,26,6,11
anxiety,12,33,25,7,11
private,12,33,25,5,11
concept,12,33,24,6,11
aim,12,33,23,7,11
communication,12,33,23,6,11
initiative,12,33,23,8,11
limit,12,33,23,8,11
win,12,33,23,6,11
pressure,12,33,22,8,11
topic,12,33,22,6,11
generation,12,33,20,7,11
property,12,33,20,5,11
status,12,33,20,7,11
association,12,33,19,7,11
assume,12,33,19,8,11
total,12,33,19,7,11
addition,12,33,18,7,11
consume,12,33,18,7,11
save,12,33,18,7,11
plenty,12,33,17,6,11
purpose,12,33,17,7,11
safe,12,33,17,9,11
safety,12,33,17,7,11
sign,12,33,17,9,11
extremely,12,33,16,7,11
fashion,12,33,16,6,11
regardless,12,33,16,6,11
root,12,33,16,8,11
central,12,33,15,9,11
eliminate,12,33,15,8,11
involve,12,33,15,7,11
previously,12,33,14,7,11
realize,12,33,14,7,11
advance,12,33,13,7,11
differ,12,33,13,6,11
possibly,12,33,13,7,11
previous,12,33,13,8,11
digital,11,33,53,7,11
competition,11,33,35,5,11
reading,11,33,30,8,11
psychology,11,33,27,6,11
team,11,33,25,6,11
survey,11,33,24,8,11
apply,11,33,22,6,11
combine,11,33,22,5,11
citizen,11,33,21,7,11
rent,11,33,20,5,11
currently,11,33,19,7,11
later,11,33,19,7,11
material,11,33,19,8,11
replace,11,33,19,6,11
response,11,33,19,9,11
thus,11,33,19,6,11
analysis,11,33,18,6,11
depression,11,33,18,5,11
ignore,11,33,18,7,11
special,11,33,18,7,11
adopt,11,33,17,6,11
chemical,11,33,17,6,11
expose,11,33,17,7,11
frequently,11,33,17,7,11
recognition,11,33,17,7,11
relevant,11,33,17,6,11
witness,11,33,17,6,11
recommend,11,33,16,6,11
regularly,11,33,16,7,11
employment,11,33,15,5,11
ancient,11,33,14,6,11
consult,11,33,14,6,11
extent,11,33,14,6,11
heavily,11,33,14,6,11
manner,11,33,14,7,11
reform,11,33,14,6,11
separate,11,33,14,6,11
successfully,11,33,14,7,11
traditional,11,33,14,7,11
critic,11,33,13,6,11
distinguish,11,33,13,7,11
endeavor,11,33,13,6,11
location,11,33,13,5,11
official,11,33,13,7,11
readily,11,33,13,6,11
regular,11,33,13,7,11
responsible,11,33,13,5,11
vary,11,33,13,5,11
productive,11,33,12,8,11
relatively,11,33,12,7,11
chronic,11,33,11,5,11
display,11,33,11,7,11
harmful,11,33,11,6,11
numerous,11,33,11,7,11
provided,11,33,11,6,11
seldom,11,33,11,6,11
tax,10,33,68,6,11
energy,10,33,51,7,11
tiny,10,33,37,7,11
emission,10,33,32,7,11
reward,10,33,27,5,11
emotional,10,33,22,6,11
loss,10,33,22,6,11
intervention,10,33,21,6,11
requirement,10,33,21,6,11
capability,10,33,20,7,11
communicate,10,33,20,7,11
leader,10,33,20,5,11
update,10,33,20,6,11
particular,10,33,19,7,11
proportion,10,33,19,5,11
pursuit,10,33,19,5,11
smart,10,33,19,6,11
suffer,10,33,19,6,11
aid,10,33,18,7,11
define,10,33,18,6,11
motivate,10,33,18,5,11
peer,10,33,18,5,11
intelligent,10,33,17,6,11
preserve,10,33,17,6,11
employee,10,33,16,6,11
judge,10,33,16,6,11
setting,10,33,16,7,11
succeed,10,33,16,7,11
urge,10,33,16,7,11
chain,10,33,15,6,11
embrace,10,33,15,8,11
refer,10,33,15,7,11
spread,10,33,15,7,11
tool,10,33,15,6,11
funding,10,33,14,5,11
mass,10,33,14,6,11
reasonable,10,33,14,5,11
satisfaction,10,33,14,5,11
wisdom,10,33,14,6,11
exert,10,33,13,4,11
extinction,10,33,13,6,11
fight,10,33,13,7,11
greatly,10,33,13,5,11
mutual,10,33,13,6,11
psychological,10,33,13,7,11
resource,10,33,13,6,11
suppose,10,33,13,8,11
underestimate,10,33,13,5,11
alter,10,33,12,6,11
behave,10,33,12,7,11
capital,10,33,12,6,11
demonstrate,10,33,12,6,11
diverse,10,33,12,7,11
highlight,10,33,12,7,11
intend,10,33,12,6,11
network,10,33,12,5,11
norm,10,33,12,7,11
program,10,33,12,7,11
spot,10,33,12,6,11
deteriorate,10,33,11,5,11
figure,10,33,11,5,11
foster,10,33,11,6,11
highly,10,33,11,5,11
notice,10,33,11,6,11
primary,10,33,11,5,11
propose,10,33,11,5,11
punish,10,33,11,6,11
strike,10,33,11,7,11
strongly,10,33,11,5,11
threaten,10,33,11,7,11
adverse,10,33,10,5,11
institute,10,33,10,6,11
meanwhile,10,33,10,6,11
obtain,10,33,10,6,11
pride,10,33,10,6,11
sake,10,33,10,5,11
transform,10,33,10,5,11
virtue,10,33,10,6,11
journal,9,33,38,4,11
object,9,33,36,5,11
screen,9,33,33,5,11
standard,9,33,32,5,11
wage,9,33,32,4,11
diet,9,33,30,6,11
productivity,9,33,27,6,11
step,9,33,22,6,11
bias,9,33,21,6,11
dream,9,33,21,7,11
sector,9,33,20,6,11
billion,9,33,19,6,11
graduate,9,33,19,6,11
staff,9,33,19,5,11
yield,9,33,19,7,11
platform,9,33,18,5,11
aspect,9,33,17,5,11
occur,9,33,17,5,11
senior,9,33,17,6,11
examine,9,33,16,7,11
original,9,33,16,5,11
speech,9,33,16,6,11
strive,9,33,16,8,11
instance,9,33,15,6,11
partner,9,33,15,6,11
resist,9,33,15,5,11
urban,9,33,15,7,11
vast,9,33,15,5,11
message,9,33,14,6,11
sort,9,33,14,6,11
sufficient,9,33,14,5,11
creature,9,33,13,6,11
line,9,33,13,5,11
perspective,9,33,13,5,11
schedule,9,33,13,5,11
search,9,33,13,7,11
ultimately,9,33,13,6,11
capacity,9,33,12,6,11
carbon,9,33,12,6,11
crucial,9,33,12,5,11
main,9,33,12,6,11
period,9,33,12,6,11
radical,9,33,12,5,11
rapidly,9,33,12,6,11
term,9,33,12,7,11
thrive,9,33,12,8,11
whatever,9,33,12,7,11
contrary,9,33,11,6,11
domestic,9,33,11,6,11
entire,9,33,11,5,11
immune,9,33,11,6,11
implication,9,33,11,5,11
inside,9,33,11,6,11
management,9,33,11,5,11
obvious,9,33,11,7,11
path,9,33,11,6,11
position,9,33,11,5,11
preservation,9,33,11,7,11
profitable,9,33,11,4,11
remain,9,33,11,5,11
treatment,9,33,11,5,11
crack,9,33,10,5,11
hit,9,33,10,8,11
immediate,9,33,10,6,11
largely,9,33,10,6,11
participate,9,33,10,6,11
statistics,9,33,10,5,11
toxic,9,33,10,6,11
comfortable,9,33,9,4,11
commercial,9,33,9,5,11
competitive,9,33,9,5,11
consensus,9,33,9,4,11
disappear,9,33,9,7,11
insight,9,33,9,4,11
luxury,9,33,9,4,11
mature,9,33,9,4,11
observation,9,33,9,5,11
occasionally,9,33,9,6,11
predict,9,33,9,4,11
scene,9,33,9,7,11
therefore,9,33,9,6,11
volume,9,33,9,5,11
giant,8,33,39,5,11
scientific,8,33,31,4,11
wealth,8,33,30,6,11
cell,8,33,29,6,11
habit,8,33,26,5,11
board,8,33,24,5,11
humanity,8,33,22,5,11
elite,8,33,21,4,11
flood,8,33,20,5,11
super,8,33,20,5,11
ideal,8,33,18,7,11
skill,8,33,18,5,11
possibility,8,33,17,4,11
delay,8,33,16,5,11
nutrition,8,33,15,5,11
afford,8,33,14,6,11
champion,8,33,14,6,11
consistently,8,33,14,5,11
dependent,8,33,14,3,11
fairly,8,33,14,4,11
sacrifice,8,33,14,4,11
statement,8,33,14,5,11
survival,8,33,14,6,11
writing,8,33,14,6,11
approach,8,33,13,6,11
excessive,8,33,13,5,11
native,8,33,13,4,11
persist,8,33,13,6,11
preference,8,33,13,7,11
rare,8,33,13,3,11
reject,8,33,13,4,11
shrink,8,33,13,4,11
unnecessary,8,33,13,5,11
alleviate,8,33,12,5,11
charge,8,33,12,6,11
concerning,8,33,12,5,11
division,8,33,12,4,11
feed,8,33,12,6,11
fellow,8,33,12,5,11
initial,8,33,12,6,11
literally,8,33,12,6,11
outcome,8,33,12,5,11
proper,8,33,12,5,11
underlying,8,33,12,7,11
virtual,8,33,12,6,11
appropriate,8,33,11,5,11
contact,8,33,11,5,11
correlation,8,33,11,5,11
device,8,33,11,4,11
infrastructure,8,33,11,5,11
objective,8,33,11,4,11
proposal,8,33,11,6,11
prosperity,8,33,11,5,11
rational,8,33,11,4,11
react,8,33,11,5,11
saving,8,33,11,5,11
source,8,33,11,6,11
steady,8,33,11,4,11
theory,8,33,11,5,11
unprecedented,8,33,11,4,11
via,8,33,11,5,11
assert,8,33,10,6,11
assumption,8,33,10,4,11
curiosity,8,33,10,4,11
following,8,33,10,4,11
internal,8,33,10,7,11
mood,8,33,10,4,11
perception,8,33,10,5,11
pollution,8,33,10,5,11
popularity,8,33,10,6,11
regarding,8,33,10,5,11
remains,8,33,10,5,11
represent,8,33,10,6,11
restrict,8,33,10,4,11
trap,8,33,10,5,11
collect,8,33,9,4,11
cycle,8,33,9,6,11
destroy,8,33,9,4,11
directly,8,33,9,4,11
disrupt,8,33,9,5,11
efficiency,8,33,9,5,11
efficient,8,33,9,5,11
equal,8,33,9,5,11
evaluation,8,33,9,3,11
exciting,8,33,9,6,11
expectation,8,33,9,4,11
lag,8,33,9,4,11
massive,8,33,9,6,11
partly,8,33,9,4,11
player,8,33,9,6,11
protection,8,33,9,4,11
record,8,33,9,6,11
remarkable,8,33,9,4,11
shopping,8,33,9,4,11
substitute,8,33,9,5,11
talent,8,33,9,5,11
widely,8,33,9,5,11
acquire,8,33,8,5,11
appealing,8,33,8,5,11
arouse,8,33,8,5,11
artificial,8,33,8,5,11
conception,8,33,8,4,11
cross,8,33,8,5,11
encounter,8,33,8,6,11
engagement,8,33,8,5,11
exclude,8,33,8,4,11
fan,8,33,8,6,11
gradually,8,33,8,6,11
host,8,33,8,4,11
imply,8,33,8,6,11
injury,8,33,8,5,11
nurture,8,33,8,4,11
overcome,8,33,8,7,11
render,8,33,8,6,11
route,8,33,8,4,11
truly,8,33,8,6,11
victim,8,33,8,5,11
traffic,7,33,45,6,11
destination,7,33,37,3,11
greenhouse,7,33,30,6,11
principle,7,33,30,6,11
passion,7,33,27,4,11
audience,7,33,25,7,11
employer,7,33,20,4,11
instruction,7,33,20,5,11
intervene,7,33,20,5,11
production,7,33,20,6,11
user,7,33,20,5,11
vacation,7,33,20,3,11
monitor,7,33,18,4,11
wild,7,33,16,5,11
achievement,7,33,15,6,11
court,7,33,15,4,11
vehicle,7,33,15,4,11
critical,7,33,14,5,11
evolve,7,33,14,4,11
switch,7,33,14,5,11
universal,7,33,14,6,11
deserve,7,33,13,5,11
priority,7,33,13,5,11
reliable,7,33,13,5,11
inevitable,7,33,12,3,11
motor,7,33,12,4,11
practical,7,33,12,4,11
voice,7,33,12,6,11
accessible,7,33,11,4,11
cooperate,7,33,11,5,11
exotic,7,33,11,4,11
goods,7,33,11,4,11
perceive,7,33,11,4,11
resentment,7,33,11,3,11
resistance,7,33,11,5,11
salary,7,33,11,4,11
sand,7,33,11,4,11
trend,7,33,11,5,11
vital,7,33,11,4,11
characteristic,7,33,10,6,11
crowd,7,33,10,5,11
decrease,7,33,10,4,11
expression,7,33,10,4,11
handle,7,33,10,5,11
harvest,7,33,10,4,11
helpful,7,33,10,6,11
influential,7,33,10,4,11
interview,7,33,10,5,11
philosopher,7,33,10,4,11
stability,7,33,10,4,11
stock,7,33,10,3,11
susceptible,7,33,10,4,11
transition,7,33,10,5,11
anticipate,7,33,9,4,11
climb,7,33,9,4,11
constant,7,33,9,5,11
contain,7,33,9,5,11
curious,7,33,9,4,11
entrepreneur,7,33,9,3,11
excellent,7,33,9,4,11
false,7,33,9,6,11
intricate,7,33,9,4,11
ordinary,7,33,9,5,11
prevalent,7,33,9,5,11
recover,7,33,9,6,11
remove,7,33,9,4,11
systematic,7,33,9,6,11
tendency,7,33,9,5,11
truth,7,33,9,4,11
unexpected,7,33,9,4,11
warn,7,33,9,5,11
attribute,7,33,8,4,11
blame,7,33,8,3,11
capable,7,33,8,4,11
combat,7,33,8,3,11
complicated,7,33,8,4,11
conclude,7,33,8,5,11
deprive,7,33,8,4,11
detect,7,33,8,3,11
exclusively,7,33,8,4,11
exposure,7,33,8,4,11
extensive,7,33,8,4,11
facilitate,7,33,8,5,11
forge,7,33,8,5,11
globe,7,33,8,7,11
hide,7,33,8,5,11
historical,7,33,8,5,11
indeed,7,33,8,4,11
intense,7,33,8,4,11
lifetime,7,33,8,6,11
meaningful,7,33,8,5,11
occasion,7,33,8,3,11
persuade,7,33,8,6,11
portion,7,33,8,5,11
pose,7,33,8,4,11
pretty,7,33,8,5,11
rank,7,33,8,5,11
stimulate,7,33,8,5,11
timely,7,33,8,5,11
unless,7,33,8,4,11
utilize,7,33,8,4,11
widen,7,33,8,4,11
attach,7,33,7,4,11
characterize,7,33,7,4,11
comparable,7,33,7,4,11
complaint,7,33,7,4,11
consist,7,33,7,4,11
CORE,7,33,7,5,11
deny,7,33,7,4,11
disperse,7,33,7,5,11
drop,7,33,7,5,11
evenly,7,33,7,3,11
expansion,7,33,7,4,11
extra,7,33,7,5,11
flat,7,33,7,3,11
foresee,7,33,7,5,11
fulfill,7,33,7,4,11
genius,7,33,7,3,11
geographical,7,33,7,3,11
guarantee,7,33,7,3,11
household,7,33,7,5,11
incorporate,7,33,7,4,11
inhibit,7,33,7,4,11
limitation,7,33,7,4,11
log,7,33,7,4,11
narrow,7,33,7,4,11
noted,7,33,7,5,11
originate,7,33,7,5,11
physically,7,33,7,4,11
product,7,33,7,6,11
prospect,7,33,7,6,11
romantic,7,33,7,3,11
ruin,7,33,7,5,11
strength,7,33,7,5,11
upgrade,7,33,7,4,11
vocal,7,33,7,3,11
pigeon,6,33,36,2,11
rural,6,33,26,3,11
female,6,33,24,4,11
agriculture,6,33,18,6,11
remote,6,33,18,4,11
transportation,6,33,18,4,11
speaker,6,33,17,4,11
race,6,33,16,4,11
experiment,6,33,15,4,11
privacy,6,33,15,3,11
recommendation,6,33,15,4,11
valley,6,33,15,2,11
campus,6,33,14,4,11
coin,6,33,13,4,11
confront,6,33,13,4,11
grateful,6,33,13,4,11
experimental,6,33,12,2,11
German,6,33,12,4,11
intake,6,33,12,3,11
silicon,6,33,12,2,11
distance,6,33,11,4,11
contract,6,33,10,3,11
convenience,6,33,10,4,11
direction,6,33,10,4,11
electricity,6,33,10,6,11
era,6,33,10,4,11
estate,6,33,10,4,11
fund,6,33,10,4,11
input,6,33,10,4,11
legal,6,33,10,6,11
operation,6,33,10,4,11
target,6,33,10,5,11
tradition,6,33,10,4,11
compete,6,33,9,3,11
confuse,6,33,9,5,11
content,6,33,9,4,11
federal,6,33,9,4,11
fiction,6,33,9,4,11
leading,6,33,9,4,11
normal,6,33,9,5,11
phenomenon,6,33,9,5,11
resolve,6,33,9,3,11
roughly,6,33,9,4,11
scale,6,33,9,6,11
series,6,33,9,3,11
seriously,6,33,9,4,11
style,6,33,9,4,11
aggressive,6,33,8,3,11
application,6,33,8,5,11
automatic,6,33,8,4,11
boundary,6,33,8,4,11
calm,6,33,8,4,11
command,6,33,8,3,11
gather,6,33,8,6,11
immediately,6,33,8,5,11
impose,6,33,8,4,11
inspire,6,33,8,5,11
naturally,6,33,8,4,11
president,6,33,8,6,11
prevalence,6,33,8,3,11
privilege,6,33,8,4,11
profound,6,33,8,3,11
repeatedly,6,33,8,4,11
security,6,33,8,2,11
steal,6,33,8,5,11
turning,6,33,8,6,11
vulnerable,6,33,8,3,11
war,6,33,8,5,11
ascertain,6,33,7,4,11
bound,6,33,7,2,11
coach,6,33,7,4,11
confidence,6,33,7,3,11
conventional,6,33,7,4,11
cope,6,33,7,4,11
correlate,6,33,7,4,11
dominate,6,33,7,4,11
engineering,6,33,7,3,11
hinder,6,33,7,5,11
locate,6,33,7,5,11
mechanism,6,33,7,4,11
necessarily,6,33,7,6,11
otherwise,6,33,7,4,11
outlet,6,33,7,5,11
pain,6,33,7,3,11
perfectly,6,33,7,5,11
promotion,6,33,7,3,11
regulate,6,33,7,2,11
revenue,6,33,7,4,11
revolution,6,33,7,4,11
rough,6,33,7,3,11
seemingly,6,33,7,5,11
shame,6,33,7,4,11
singer,6,33,7,4,11
survive,6,33,7,6,11
ultimate,6,33,7,4,11
unable,6,33,7,4,11
unemployment,6,33,7,4,11
unknown,6,33,7,4,11
useful,6,33,7,5,11
absorb,6,33,6,4,11
adequate,6,33,6,4,11
advise,6,33,6,6,11
ample,6,33,6,4,11
appliance,6,33,6,3,11
arrogant,6,33,6,3,11
attempt,6,33,6,3,11
brand,6,33,6,3,11
breed,6,33,6,3,11
broaden,6,33,6,3,11
chemistry,6,33,6,4,11
collection,6,33,6,3,11
confident,6,33,6,3,11
consideration,6,33,6,4,11
constraint,6,33,6,4,11
controversial,6,33,6,3,11
convey,6,33,6,5,11
criticize,6,33,6,5,11
detail,6,33,6,4,11
disadvantage,6,33,6,4,11
dismiss,6,33,6,3,11
distribution,6,33,6,3,11
endless,6,33,6,3,11
equip,6,33,6,3,11
eventually,6,33,6,4,11
excel,6,33,6,4,11
grain,6,33,6,3,11
keen,6,33,6,3,11
latter,6,33,6,4,11
legitimate,6,33,6,3,11
mayor,6,33,6,2,11
misunderstand,6,33,6,3,11
neighbour,6,33,6,3,11
nutrient,6,33,6,4,11
opponent,6,33,6,4,11
portray,6,33,6,3,11
prestige,6,33,6,3,11
promptly,6,33,6,3,11
proud,6,33,6,4,11
relate,6,33,6,3,11
resort,6,33,6,3,11
rob,6,33,6,4,11
secure,6,33,6,4,11
Spanish,6,33,6,3,11
spectrum,6,33,6,4,11
stuff,6,33,6,4,11
surgery,6,33,6,4,11
transport,6,33,6,4,11
weak,6,33,6,4,11
island,5,33,49,3,11
forest,5,33,30,5,11
bacteria,5,33,20,2,11
liberal,5,33,15,4,11
alternative,5,33,13,5,11
image,5,33,13,5,11
quit,5,33,13,5,11
commute,5,33,11,2,11
filter,5,33,11,4,11
particle,5,33,11,4,11
sphere,5,33,11,3,11
web,5,33,11,4,11
conservation,5,33,10,5,11
crop,5,33,10,4,11
deed,5,33,10,3,11
district,5,33,10,3,11
freedom,5,33,10,4,11
organize,5,33,10,4,11
remedy,5,33,10,4,11
celebrate,5,33,9,3,11
corporation,5,33,9,5,11
discrimination,5,33,9,3,11
disturbance,5,33,9,3,11
ecosystem,5,33,9,4,11
frustrate,5,33,9,3,11
Germany,5,33,9,3,11
review,5,33,9,3,11
temptation,5,33,9,3,11
centre,5,33,8,5,11
definition,5,33,8,3,11
discourse,5,33,8,4,11
drastic,5,33,8,3,11
explanation,5,33,8,4,11
extend,5,33,8,3,11
France,5,33,8,3,11
investigate,5,33,8,3,11
manufacture,5,33,8,5,11
mobile,5,33,8,3,11
peninsula,5,33,8,3,11
philosophy,5,33,8,2,11
pollute,5,33,8,4,11
protest,5,33,8,3,11
reduction,5,33,8,5,11
unit,5,33,8,3,11
assessment,5,33,7,4,11
cite,5,33,7,4,11
diagnose,5,33,7,3,11
earnings,5,33,7,3,11
enthusiasm,5,33,7,3,11
hardly,5,33,7,4,11
hate,5,33,7,3,11
imagination,5,33,7,3,11
initiate,5,33,7,4,11
inquiry,5,33,7,3,11
mainly,5,33,7,3,11
opposite,5,33,7,4,11
patience,5,33,7,3,11
pleasant,5,33,7,4,11
precious,5,33,7,5,11
ranch,5,33,7,3,11
range,5,33,7,4,11
reference,5,33,7,2,11
reflection,5,33,7,3,11
relative,5,33,7,5,11
resident,5,33,7,4,11
retrieve,5,33,7,4,11
reverse,5,33,7,5,11
writer,5,33,7,3,11
absurd,5,33,6,3,11
accumulate,5,33,6,4,11
additional,5,33,6,3,11
aggravate,5,33,6,4,11
appreciation,5,33,6,4,11
beginning,5,33,6,4,11
cancel,5,33,6,3,11
cancer,5,33,6,4,11
collaboration,5,33,6,3,11
collective,5,33,6,3,11
comfort,5,33,6,4,11
compel,5,33,6,4,11
compound,5,33,6,2,11
department,5,33,6,3,11
dignity,5,33,6,3,11
discussion,5,33,6,4,11
dislike,5,33,6,4,11
engineer,5,33,6,3,11
enrich,5,33,6,3,11
exhibit,5,33,6,5,11
expand,5,33,6,3,11
fell,5,33,6,4,11
folk,5,33,6,5,11
freeze,5,33,6,4,11
guard,5,33,6,3,11
halt,5,33,6,4,11
historic,5,33,6,3,11
hostile,5,33,6,3,11
interpret,5,33,6,3,11
joint,5,33,6,4,11
Latin,5,33,6,3,11
literature,5,33,6,3,11
merely,5,33,6,3,11
outstanding,5,33,6,4,11
overwhelm,5,33,6,2,11
participant,5,33,6,5,11
patient,5,33,6,4,11
phase,5,33,6,3,11
planet,5,33,6,4,11
random,5,33,6,3,11
recipe,5,33,6,4,11
refuge,5,33,6,3,11
romance,5,33,6,3,11
score,5,33,6,4,11
settle,5,33,6,4,11
silence,5,33,6,3,11
similarly,5,33,6,3,11
solid,5,33,6,4,11
stage,5,33,6,5,11
strict,5,33,6,3,11
structure,5,33,6,4,11
substantial,5,33,6,5,11
subtle,5,33,6,5,11
suitable,5,33,6,4,11
translate,5,33,6,3,11
transplant,5,33,6,3,11
trust,5,33,6,4,11
vacuum,5,33,6,3,11
version,5,33,6,4,11
warning,5,33,6,3,11
wonder,5,33,6,4,11
admiration,5,33,5,2,11
arise,5,33,5,3,11
assault,5,33,5,4,11
assess,5,33,5,4,11
attain,5,33,5,4,11
character,5,33,5,3,11
classify,5,33,5,3,11
companion,5,33,5,3,11
concentration,5,33,5,4,11
confirm,5,33,5,3,11
contrast,5,33,5,5,11
deem,5,33,5,4,11
deliberate,5,33,5,4,11
designate,5,33,5,3,11
desirable,5,33,5,5,11
diminish,5,33,5,4,11
disagree,5,33,5,4,11
disappoint,5,33,5,4,11
distinct,5,33,5,4,11
domain,5,33,5,4,11
doubt,5,33,5,3,11
draft,5,33,5,2,11
ease,5,33,5,2,11
ending,5,33,5,4,11
exchange,5,33,5,3,11
existence,5,33,5,3,11
fabric,5,33,5,3,11
fierce,5,33,5,2,11
fix,5,33,5,4,11
flexible,5,33,5,3,11
frequent,5,33,5,5,11
fresh,5,33,5,4,11
fruitful,5,33,5,4,11
gesture,5,33,5,3,11
grant,5,33,5,4,11
grocery,5,33,5,4,11
guidance,5,33,5,3,11
guide,5,33,5,3,11
hang,5,33,5,5,11
ignorant,5,33,5,2,11
incentive,5,33,5,4,11
incorrect,5,33,5,3,11
India,5,33,5,3,11
inform,5,33,5,3,11
interpretation,5,33,5,4,11
investigation,5,33,5,3,11
irritate,5,33,5,4,11
journey,5,33,5,4,11
junk,5,33,5,3,11
launch,5,33,5,4,11
mathematical,5,33,5,3,11
minority,5,33,5,3,11
neglect,5,33,5,5,11
obligation,5,33,5,3,11
occupation,5,33,5,4,11
odor,5,33,5,2,11
offspring,5,33,5,2,11
overtake,5,33,5,3,11
passive,5,33,5,3,11
pasture,5,33,5,3,11
presumably,5,33,5,4,11
procedure,5,33,5,2,11
promise,5,33,5,3,11
reaction,5,33,5,3,11
recall,5,33,5,4,11
refuse,5,33,5,3,11
rein,5,33,5,3,11
satellite,5,33,5,4,11
seal,5,33,5,3,11
setback,5,33,5,3,11
severely,5,33,5,2,11
shabby,5,33,5,2,11
sharply,5,33,5,2,11
shy,5,33,5,3,11
sin,5,33,5,2,11
superior,5,33,5,4,11
sway,5,33,5,3,11
tale,5,33,5,3,11
thoughtful,5,33,5,4,11
tightly,5,33,5,3,11
title,5,33,5,4,11
unfortunate,5,33,5,2,11
unfortunately,5,33,5,4,11
union,5,33,5,3,11
unlikely,5,33,5,4,11
virtually,5,33,5,3,11
widespread,5,33,5,4,11
wipe,5,33,5,3,11
bay,4,33,35,2,11
corporate,4,33,17,2,11
fair,4,33,16,2,11
robot,4,33,16,2,11
regulation,4,33,14,2,11
damage,4,33,13,4,11
editorial,4,33,13,2,11
aesthetic,4,33,12,4,11
erosion,4,33,12,2,11
officer,4,33,12,3,11
battle,4,33,11,4,11
discovery,4,33,11,3,11
distant,4,33,11,2,11
athlete,4,33,10,2,11
contradict,4,33,10,2,11
cruise,4,33,10,2,11
density,4,33,10,2,11
loan,4,33,10,3,11
ownership,4,33,10,2,11
strain,4,33,10,2,11
tuition,4,33,10,3,11
ancestor,4,33,9,4,11
candidate,4,33,9,3,11
disease,4,33,9,4,11
rule,4,33,9,4,11
shorten,4,33,9,2,11
tone,4,33,9,3,11
architecture,4,33,8,3,11
familiar,4,33,8,3,11
lab,4,33,8,3,11
stable,4,33,8,4,11
temporary,4,33,8,2,11
admission,4,33,7,2,11
approval,4,33,7,2,11
civil,4,33,7,4,11
commitment,4,33,7,3,11
compensation,4,33,7,4,11
conserve,4,33,7,3,11
feature,4,33,7,2,11
ideology,4,33,7,3,11
improvement,4,33,7,3,11
infant,4,33,7,4,11
ingredient,4,33,7,4,11
minimum,4,33,7,2,11
monopoly,4,33,7,2,11
negotiate,4,33,7,2,11
optimal,4,33,7,2,11
possess,4,33,7,2,11
producer,4,33,7,4,11
restore,4,33,7,4,11
rigorous,4,33,7,2,11
senate,4,33,7,2,11
similarity,4,33,7,2,11
territory,4,33,7,2,11
waste,4,33,7,4,11
weekly,4,33,7,3,11
worthy,4,33,7,4,11
approximately,4,33,6,4,11
assistant,4,33,6,3,11
cattle,4,33,6,3,11
convincing,4,33,6,2,11
counterpart,4,33,6,4,11
curriculum,4,33,6,2,11
director,4,33,6,3,11
discount,4,33,6,3,11
drain,4,33,6,3,11
equipment,4,33,6,3,11
evolution,4,33,6,3,11
external,4,33,6,4,11
fatigue,4,33,6,3,11
industrial,4,33,6,3,11
integrity,4,33,6,3,11
intellectual,4,33,6,3,11
invent,4,33,6,3,11
maintenance,4,33,6,3,11
obstacle,4,33,6,3,11
properly,4,33,6,4,11
remind,4,33,6,4,11
routine,4,33,6,3,11
self,4,33,6,3,11
session,4,33,6,3,11
strip,4,33,6,3,11
symptom,4,33,6,2,11
touch,4,33,6,2,11
trick,4,33,6,4,11
vision,4,33,6,4,11
zone,4,33,6,4,11
alert,4,33,5,3,11
anonymous,4,33,5,4,11
appetite,4,33,5,2,11
circle,4,33,5,3,11
commonly,4,33,5,4,11
competitor,4,33,5,2,11
comprehension,4,33,5,2,11
contemporary,4,33,5,4,11
costly,4,33,5,3,11
definitely,4,33,5,4,11
despair,4,33,5,2,11
dominant,4,33,5,2,11
elementary,4,33,5,2,11
emphasis,4,33,5,3,11
employ,4,33,5,2,11
expertise,4,33,5,3,11
exploit,4,33,5,4,11
fortune,4,33,5,2,11
freely,4,33,5,3,11
hardship,4,33,5,4,11
import,4,33,5,2,11
indoor,4,33,5,3,11
insufficient,4,33,5,3,11
introduction,4,33,5,4,11
invite,4,33,5,2,11
justify,4,33,5,4,11
leadership,4,33,5,3,11
lecture,4,33,5,4,11
magazine,4,33,5,3,11
magic,4,33,5,4,11
marriage,4,33,5,3,11
miracle,4,33,5,2,11
mode,4,33,5,2,11
motive,4,33,5,3,11
movement,4,33,5,4,11
museum,4,33,5,2,11
nowadays,4,33,5,4,11
operator,4,33,5,3,11
painting,4,33,5,3,11
pattern,4,33,5,3,11
politician,4,33,5,4,11
politics,4,33,5,2,11
positively,4,33,5,2,11
possession,4,33,5,4,11
poverty,4,33,5,4,11
regiment,4,33,5,2,11
rejection,4,33,5,2,11
religious,4,33,5,4,11
retail,4,33,5,2,11
rid,4,33,5,4,11
shortage,4,33,5,4,11
signature,4,33,5,2,11
stretch,4,33,5,3,11
substance,4,33,5,3,11
sunlight,4,33,5,4,11
surprising,4,33,5,3,11
sustain,4,33,5,4,11
technical,4,33,5,2,11
trigger,4,33,5,3,11
trivial,4,33,5,2,11
unpaid,4,33,5,3,11
vote,4,33,5,3,11
willing,4,33,5,2,11
adhere,4,33,4,3,11
adore,4,33,4,2,11
ambitious,4,33,4,3,11
anchor,4,33,4,2,11
awake,4,33,4,2,11
biased,4,33,4,2,11
boast,4,33,4,2,11
certainty,4,33,4,2,11
chill,4,33,4,2,11
compensate,4,33,4,2,11
component,4,33,4,3,11
concede,4,33,4,3,11
concentrate,4,33,4,2,11
confine,4,33,4,3,11
consent,4,33,4,3,11
consequently,4,33,4,3,11
construct,4,33,4,3,11
cooperative,4,33,4,2,11
correspond,4,33,4,2,11
council,4,33,4,2,11
currency,4,33,4,2,11
dawn,4,33,4,3,11
deficit,4,33,4,3,11
derive,4,33,4,4,11
description,4,33,4,2,11
desperate,4,33,4,3,11
devise,4,33,4,2,11
discern,4,33,4,2,11
discourage,4,33,4,2,11
doom,4,33,4,2,11
drug,4,33,4,2,11
eccentric,4,33,4,3,11
economics,4,33,4,2,11
edible,4,33,4,2,11
elevate,4,33,4,4,11
elsewhere,4,33,4,2,11
entail,4,33,4,3,11
exception,4,33,4,3,11
expire,4,33,4,2,11
extinct,4,33,4,2,11
fancy,4,33,4,3,11
fare,4,33,4,2,11
fascinate,4,33,4,3,11
fashionable,4,33,4,2,11
flaw,4,33,4,3,11
fog,4,33,4,2,11
gathering,4,33,4,4,11
grasp,4,33,4,2,11
Greek,4,33,4,2,11
headache,4,33,4,2,11
illustration,4,33,4,4,11
incredible,4,33,4,3,11
incur,4,33,4,2,11
infer,4,33,4,4,11
inference,4,33,4,2,11
infinite,4,33,4,2,11
instinct,4,33,4,3,11
institution,4,33,4,3,11
insult,4,33,4,2,11
intensify,4,33,4,2,11
intent,4,33,4,2,11
intricacy,4,33,4,2,11
invaluable,4,33,4,2,11
Italian,4,33,4,2,11
jack,4,33,4,2,11
master,4,33,4,3,11
modify,4,33,4,3,11
net,4,33,4,2,11
noticeable,4,33,4,3,11
nourish,4,33,4,2,11
obscure,4,33,4,2,11
optimism,4,33,4,3,11
organic,4,33,4,2,11
pace,4,33,4,2,11
package,4,33,4,2,11
parliament,4,33,4,2,11
partial,4,33,4,2,11
penalty,4,33,4,3,11
port,4,33,4,2,11
postpone,4,33,4,2,11
prescribe,4,33,4,2,11
presume,4,33,4,3,11
prize,4,33,4,4,11
proceeding,4,33,4,2,11
propagate,4,33,4,3,11
quantity,4,33,4,2,11
recession,4,33,4,2,11
recipient,4,33,4,4,11
release,4,33,4,3,11
resemble,4,33,4,3,11
resistant,4,33,4,2,11
resume,4,33,4,2,11
retire,4,33,4,3,11
revenge,4,33,4,2,11
revolutionary,4,33,4,2,11
robust,4,33,4,2,11
royal,4,33,4,2,11
section,4,33,4,2,11
sentence,4,33,4,3,11
sentiment,4,33,4,3,11
severe,4,33,4,4,11
shortly,4,33,4,2,11
shot,4,33,4,2,11
simplicity,4,33,4,4,11
simplify,4,33,4,2,11
skeptical,4,33,4,2,11
skilled,4,33,4,3,11
smooth,4,33,4,2,11
sneak,4,33,4,3,11
spark,4,33,4,2,11
specimen,4,33,4,2,11
spite,4,33,4,2,11
spur,4,33,4,3,11
streamline,4,33,4,2,11
striking,4,33,4,4,11
suit,4,33,4,3,11
surpass,4,33,4,4,11
surround,4,33,4,2,11
tackle,4,33,4,4,11
theoretical,4,33,4,3,11
tough,4,33,4,3,11
tract,4,33,4,2,11
unfair,4,33,4,2,11
unusual,4,33,4,3,11
virus,4,33,4,3,11
warfare,4,33,4,2,11
weave,4,33,4,2,11
wedding,4,33,4,2,11
wonderful,4,33,4,2,11
absence,3,33,29,2,11
classical,3,33,26,3,11
signal,3,33,23,3,11
passenger,3,33,21,1,11
plastic,3,33,21,2,11
marathon,3,33,20,2,11
stranger,3,33,20,3,11
treasure,3,33,16,3,11
coal,3,33,14,3,11
concert,3,33,13,3,11
abstract,3,33,12,1,11
continent,3,33,12,3,11
discipline,3,33,10,2,11
hall,3,33,10,2,11
moral,3,33,10,2,11
algebra,3,33,9,1,11
nest,3,33,9,1,11
tag,3,33,9,2,11
cape,3,33,8,2,11
congress,3,33,8,3,11
desert,3,33,8,2,11
marine,3,33,8,2,11
prescription,3,33,8,2,11
republican,3,33,8,3,11
scholar,3,33,8,3,11
soil,3,33,8,3,11
atmosphere,3,33,7,3,11
ban,3,33,7,2,11
category,3,33,7,3,11
missing,3,33,7,2,11
observer,3,33,7,3,11
punishment,3,33,7,2,11
Roman,3,33,7,2,11
spouse,3,33,7,3,11
bulk,3,33,6,1,11
caution,3,33,6,3,11
charity,3,33,6,2,11
clip,3,33,6,3,11
consciousness,3,33,6,2,11
electric,3,33,6,3,11
imitate,3,33,6,2,11
instrumental,3,33,6,1,11
landscape,3,33,6,3,11
outer,3,33,6,2,11
rail,3,33,6,1,11
senator,3,33,6,1,11
slightly,3,33,6,2,11
suspension,3,33,6,1,11
accomplishment,3,33,5,3,11
ambition,3,33,5,2,11
clinic,3,33,5,2,11
clinical,3,33,5,3,11
conference,3,33,5,3,11
consistent,3,33,5,3,11
dispute,3,33,5,2,11
edge,3,33,5,2,11
entertainment,3,33,5,3,11
fate,3,33,5,3,11
firm,3,33,5,3,11
fossil,3,33,5,3,11
heir,3,33,5,2,11
hire,3,33,5,2,11
inexpensive,3,33,5,3,11
inhabitant,3,33,5,2,11
migrate,3,33,5,2,11
obsession,3,33,5,3,11
output,3,33,5,2,11
payment,3,33,5,3,11
presence,3,33,5,3,11
press,3,33,5,3,11
prior,3,33,5,3,11
promising,3,33,5,2,11
regret,3,33,5,3,11
selection,3,33,5,3,11
shadow,3,33,5,2,11
solar,3,33,5,3,11
southern,3,33,5,3,11
wander,3,33,5,3,11
accompany,3,33,4,3,11
adjust,3,33,4,2,11
affection,3,33,4,3,11
applicable,3,33,4,3,11
award,3,33,4,3,11
bounce,3,33,4,3,11
campaign,3,33,4,3,11
capture,3,33,4,2,11
chaos,3,33,4,3,11
composition,3,33,4,3,11
compromise,3,33,4,3,11
curb,3,33,4,2,11
distort,3,33,4,3,11
distract,3,33,4,2,11
doctrine,3,33,4,3,11
economically,3,33,4,2,11
embarrass,3,33,4,2,11
emergency,3,33,4,3,11
epidemic,3,33,4,3,11
equality,3,33,4,3,11
essence,3,33,4,2,11
extraordinary,3,33,4,2,11
fade,3,33,4,3,11
fame,3,33,4,3,11
furniture,3,33,4,2,11
glance,3,33,4,3,11
hurt,3,33,4,2,11
impress,3,33,4,3,11
indulge,3,33,4,3,11
inspiration,3,33,4,2,11
justification,3,33,4,2,11
length,3,33,4,2,11
logic,3,33,4,2,11
mammal,3,33,4,3,11
method,3,33,4,3,11
organism,3,33,4,3,11
persistent,3,33,4,2,11
pledge,3,33,4,3,11
pure,3,33,4,3,11
raw,3,33,4,3,11
rigid,3,33,4,3,11
ritual,3,33,4,2,11
safely,3,33,4,2,11
scarcity,3,33,4,2,11
silver,3,33,4,3,11
slip,3,33,4,3,11
so-called,3,33,4,2,11
software,3,33,4,3,11
sprinkle,3,33,4,3,11
stall,3,33,4,3,11
strictly,3,33,4,3,11
substantially,3,33,4,2,11
tank,3,33,4,3,11
tap,3,33,4,3,11
teenager,3,33,4,2,11
therapy,3,33,4,3,11
urgent,3,33,4,3,11
utility,3,33,4,3,11
versus,3,33,4,3,11
wise,3,33,4,2,11
accordance,3,33,3,1,11
adjacent,3,33,3,2,11
adolescent,3,33,3,3,11
advisable,3,33,3,1,11
alignment,3,33,3,2,11
allocate,3,33,3,1,11
ambassador,3,33,3,2,11
analyse,3,33,3,2,11
analytical,3,33,3,1,11
announce,3,33,3,3,11
annually,3,33,3,1,11
apparent,3,33,3,3,11
apt,3,33,3,3,11
architect,3,33,3,2,11
aspiration,3,33,3,2,11
assist,3,33,3,2,11
attack,3,33,3,2,11
authority,3,33,3,2,11
bang,3,33,3,1,11
behalf,3,33,3,1,11
blind,3,33,3,3,11
breadth,3,33,3,1,11
burden,3,33,3,2,11
bureau,3,33,3,1,11
cable,3,33,3,1,11
cast,3,33,3,2,11
catastrophe,3,33,3,2,11
cherish,3,33,3,2,11
circumstance,3,33,3,3,11
clash,3,33,3,2,11
classic,3,33,3,2,11
coincide,3,33,3,1,11
commission,3,33,3,2,11
comparative,3,33,3,1,11
competence,3,33,3,1,11
comprehensive,3,33,3,3,11
concrete,3,33,3,1,11
confrontation,3,33,3,1,11
conscious,3,33,3,3,11
constitute,3,33,3,2,11
consultancy,3,33,3,2,11
container,3,33,3,2,11
contaminate,3,33,3,1,11
contradiction,3,33,3,1,11
convenient,3,33,3,2,11
conviction,3,33,3,3,11
convince,3,33,3,3,11
coordinate,3,33,3,3,11
correctly,3,33,3,2,11
craft,3,33,3,3,11
decorate,3,33,3,2,11
defy,3,33,3,1,11
delicacy,3,33,3,1,11
deploy,3,33,3,3,11
deposit,3,33,3,1,11
destruction,3,33,3,3,11
disorder,3,33,3,2,11
dispense,3,33,3,1,11
distortion,3,33,3,1,11
diversify,3,33,3,1,11
donate,3,33,3,1,11
dramatic,3,33,3,1,11
drum,3,33,3,1,11
dubious,3,33,3,1,11
elaborate,3,33,3,2,11
elastic,3,33,3,2,11
element,3,33,3,3,11
endow,3,33,3,2,11
endurance,3,33,3,3,11
energetic,3,33,3,1,11
enforce,3,33,3,2,11
enormous,3,33,3,2,11
entertain,3,33,3,1,11
enthusiastic,3,33,3,3,11
escape,3,33,3,3,11
essay,3,33,3,1,11
evaporation,3,33,3,1,11
evil,3,33,3,3,11
executive,3,33,3,3,11
exemplify,3,33,3,3,11
feasible,3,33,3,2,11
fever,3,33,3,2,11
float,3,33,3,2,11
flock,3,33,3,2,11
formidable,3,33,3,3,11
formulate,3,33,3,2,11
frame,3,33,3,2,11
fundamental,3,33,3,2,11
generalization,3,33,3,1,11
handful,3,33,3,3,11
hardware,3,33,3,2,11
harmony,3,33,3,2,11
hatch,3,33,3,1,11
heat,3,33,3,2,11
hover,3,33,3,1,11
howl,3,33,3,2,11
identical,3,33,3,1,11
illusion,3,33,3,3,11
illustrate,3,33,3,3,11
imaginative,3,33,3,2,11
immerse,3,33,3,1,11
impetus,3,33,3,3,11
incapable,3,33,3,3,11
incidence,3,33,3,3,11
independence,3,33,3,3,11
index,3,33,3,1,11
Indian,3,33,3,2,11
instability,3,33,3,2,11
invade,3,33,3,1,11
invisible,3,33,3,3,11
isolate,3,33,3,2,11
label,3,33,3,2,11
legacy,3,33,3,3,11
lens,3,33,3,3,11
likelihood,3,33,3,3,11
literary,3,33,3,2,11
load,3,33,3,3,11
magnet,3,33,3,1,11
mask,3,33,3,1,11
mathematics,3,33,3,1,11
minimize,3,33,3,2,11
mirror,3,33,3,3,11
miserable,3,33,3,2,11
mission,3,33,3,2,11
moderate,3,33,3,2,11
mystery,3,33,3,2,11
necessity,3,33,3,2,11
nevertheless,3,33,3,1,11
northern,3,33,3,2,11
nuisance,3,33,3,1,11
overlap,3,33,3,1,11
paragraph,3,33,3,2,11
pave,3,33,3,2,11
peril,3,33,3,1,11
persistence,3,33,3,2,11
plain,3,33,3,2,11
plot,3,33,3,2,11
poem,3,33,3,3,11
poisonous,3,33,3,2,11
polar,3,33,3,2,11
pond,3,33,3,1,11
poultry,3,33,3,1,11
praise,3,33,3,3,11
precedent,3,33,3,2,11
preparation,3,33,3,2,11
prerequisite,3,33,3,2,11
primarily,3,33,3,3,11
primate,3,33,3,1,11
probability,3,33,3,1,11
probe,3,33,3,3,11
proficiency,3,33,3,3,11
profile,3,33,3,3,11
progressive,3,33,3,1,11
prolong,3,33,3,2,11
provision,3,33,3,2,11
purple,3,33,3,1,11
qualify,3,33,3,1,11
qualitative,3,33,3,1,11
quantitative,3,33,3,1,11
reader,3,33,3,3,11
refute,3,33,3,2,11
reply,3,33,3,2,11
reporter,3,33,3,3,11
resent,3,33,3,1,11
resolution,3,33,3,1,11
respectful,3,33,3,2,11
restless,3,33,3,2,11
retreat,3,33,3,3,11
revise,3,33,3,2,11
revive,3,33,3,2,11
rival,3,33,3,3,11
safeguard,3,33,3,3,11
sample,3,33,3,3,11
scatter,3,33,3,3,11
select,3,33,3,3,11
sex,3,33,3,1,11
sharpen,3,33,3,2,11
sheer,3,33,3,1,11
sheet,3,33,3,2,11
shrewd,3,33,3,3,11
signify,3,33,3,3,11
silent,3,33,3,3,11
simultaneously,3,33,3,1,11
sink,3,33,3,3,11
sixty,3,33,3,2,11
slack,3,33,3,3,11
slight,3,33,3,3,11
slowly,3,33,3,3,11
soar,3,33,3,1,11
solitary,3,33,3,2,11
somewhat,3,33,3,3,11
soup,3,33,3,2,11
specialist,3,33,3,3,11
square,3,33,3,2,11
stake,3,33,3,3,11
statistical,3,33,3,2,11
steadily,3,33,3,2,11
subjective,3,33,3,2,11
supervision,3,33,3,3,11
suppress,3,33,3,1,11
surge,3,33,3,1,11
suspect,3,33,3,3,11
symmetrical,3,33,3,3,11
tear,3,33,3,2,11
tempt,3,33,3,2,11
tenant,3,33,3,1,11
thereafter,3,33,3,3,11
thermal,3,33,3,2,11
thrill,3,33,3,3,11
tranquil,3,33,3,2,11
transaction,3,33,3,3,11
transcend,3,33,3,3,11
uncomfortable,3,33,3,3,11
undergo,3,33,3,3,11
unfold,3,33,3,3,11
universe,3,33,3,2,11
upper,3,33,3,3,11
upwards,3,33,3,1,11
usage,3,33,3,3,11
usual,3,33,3,2,11
vacant,3,33,3,1,11
vanish,3,33,3,3,11
vicious,3,33,3,2,11
viewpoint,3,33,3,2,11
vitamin,3,33,3,1,11
vocabulary,3,33,3,2,11
volunteer,3,33,3,2,11
well-known,3,33,3,2,11
worst,3,33,3,3,11
worthless,3,33,3,3,11
gratitude,2,33,29,2,11
spider,2,33,28,2,11
debt,2,33,20,2,11
editor,2,33,20,2,11
trade,2,33,20,2,11
musician,2,33,15,2,11
solidarity,2,33,14,2,11
fountain,2,33,12,1,11
wolf,2,33,11,2,11
literacy,2,33,9,2,11
nuclear,2,33,9,2,11
forgive,2,33,8,2,11
moss,2,33,8,2,11
muscle,2,33,8,2,11
skin,2,33,8,1,11
timber,2,33,8,2,11
oak,2,33,7,2,11
perfection,2,33,7,2,11
primitive,2,33,7,2,11
coast,2,33,6,2,11
cynical,2,33,6,2,11
delivery,2,33,6,1,11
eclipse,2,33,6,2,11
origin,2,33,6,2,11
paradox,2,33,6,1,11
recovery,2,33,6,2,11
scent,2,33,6,1,11
shelf,2,33,6,1,11
shipwreck,2,33,6,2,11
video,2,33,6,2,11
wit,2,33,6,2,11
analogy,2,33,5,2,11
attendance,2,33,5,2,11
bond,2,33,5,2,11
cue,2,33,5,2,11
degradation,2,33,5,1,11
disguise,2,33,5,2,11
dorm,2,33,5,1,11
explicit,2,33,5,2,11
formula,2,33,5,2,11
frog,2,33,5,2,11
generous,2,33,5,2,11
kindness,2,33,5,2,11
leisure,2,33,5,2,11
manufacturer,2,33,5,2,11
pocket,2,33,5,2,11
racial,2,33,5,2,11
symmetry,2,33,5,1,11
theatre,2,33,5,2,11
accommodation,2,33,4,1,11
applaud,2,33,4,2,11
array,2,33,4,2,11
blend,2,33,4,1,11
bug,2,33,4,2,11
chip,2,33,4,2,11
colonial,2,33,4,2,11
complexity,2,33,4,2,11
confusion,2,33,4,2,11
constrain,2,33,4,2,11
diplomatic,2,33,4,1,11
disaster,2,33,4,2,11
facet,2,33,4,2,11
formal,2,33,4,2,11
headline,2,33,4,2,11
hunger,2,33,4,2,11
inferior,2,33,4,2,11
intimidate,2,33,4,2,11
nickname,2,33,4,2,11
opaque,2,33,4,2,11
overseas,2,33,4,2,11
owe,2,33,4,2,11
panel,2,33,4,2,11
persevere,2,33,4,2,11
physician,2,33,4,1,11
prominent,2,33,4,2,11
publication,2,33,4,1,11
reputation,2,33,4,2,11
rush,2,33,4,1,11
scare,2,33,4,2,11
secondary,2,33,4,2,11
seed,2,33,4,2,11
specifically,2,33,4,2,11
wave,2,33,4,1,11
yearly,2,33,4,1,11
appraisal,2,33,3,1,11
approve,2,33,3,2,11
arctic,2,33,3,2,11
asset,2,33,3,2,11
automate,2,33,3,1,11
bean,2,33,3,2,11
bearing,2,33,3,2,11
bend,2,33,3,1,11
bid,2,33,3,2,11
carve,2,33,3,2,11
charming,2,33,3,1,11
cluster,2,33,3,2,11
combination,2,33,3,2,11
committee,2,33,3,2,11
commodity,2,33,3,2,11
composer,2,33,3,2,11
convene,2,33,3,2,11
counsel,2,33,3,2,11
defence,2,33,3,2,11
delusion,2,33,3,2,11
dioxide,2,33,3,2,11
disagreement,2,33,3,2,11
discrepancy,2,33,3,2,11
distress,2,33,3,2,11
eager,2,33,3,2,11
electronic,2,33,3,2,11
engine,2,33,3,2,11
ethics,2,33,3,2,11
evaluate,2,33,3,1,11
evolutionary,2,33,3,2,11
exceptional,2,33,3,1,11
exclusive,2,33,3,2,11
faculty,2,33,3,2,11
fitness,2,33,3,2,11
graze,2,33,3,2,11
gun,2,33,3,2,11
heighten,2,33,3,2,11
hunt,2,33,3,2,11
identification,2,33,3,2,11
ignorance,2,33,3,2,11
imperative,2,33,3,2,11
impulse,2,33,3,2,11
inflation,2,33,3,2,11
insect,2,33,3,2,11
install,2,33,3,1,11
instant,2,33,3,2,11
junior,2,33,3,2,11
manual,2,33,3,2,11
medium,2,33,3,2,11
melody,2,33,3,2,11
military,2,33,3,2,11
municipal,2,33,3,2,11
notion,2,33,3,2,11
occasional,2,33,3,2,11
option,2,33,3,2,11
overnight,2,33,3,2,11
peak,2,33,3,2,11
percentage,2,33,3,2,11
plague,2,33,3,2,11
plantation,2,33,3,2,11
Pole,2,33,3,2,11
prey,2,33,3,2,11
renew,2,33,3,2,11
rude,2,33,3,2,11
scientist,2,33,3,2,11
secret,2,33,3,2,11
sensor,2,33,3,1,11
shoulder,2,33,3,2,11
simulate,2,33,3,2,11
soul,2,33,3,2,11
southeast,2,33,3,2,11
speculate,2,33,3,1,11
spin,2,33,3,2,11
sunset,2,33,3,2,11
surprisingly,2,33,3,2,11
synthetic,2,33,3,2,11
thick,2,33,3,2,11
tire,2,33,3,2,11
transfer,2,33,3,2,11
tribe,2,33,3,2,11
venture,2,33,3,2,11
weaken,2,33,3,1,11
welfare,2,33,3,2,11
whilst,2,33,3,2,11
wire,2,33,3,2,11
wooden,2,33,3,1,11
absolute,2,33,2,2,11
accustomed,2,33,2,2,11
aggression,2,33,2,2,11
alongside,2,33,2,2,11
ambiguous,2,33,2,1,11
amplify,2,33,2,2,11
analyst,2,33,2,2,11
anxious,2,33,2,1,11
appoint,2,33,2,2,11
arbitrary,2,33,2,2,11
arrest,2,33,2,1,11
artistic,2,33,2,2,11
attorney,2,33,2,2,11
bachelor,2,33,2,2,11
bankrupt,2,33,2,1,11
barren,2,33,2,2,11
barrier,2,33,2,2,11
battery,2,33,2,1,11
blast,2,33,2,2,11
bonus,2,33,2,1,11
breakdown,2,33,2,1,11
burn,2,33,2,2,11
bypass,2,33,2,2,11
cap,2,33,2,2,11
centralize,2,33,2,1,11
channel,2,33,2,2,11
charter,2,33,2,2,11
circulation,2,33,2,1,11
classification,2,33,2,2,11
client,2,33,2,2,11
cling,2,33,2,2,11
colleague,2,33,2,2,11
commit,2,33,2,2,11
commonwealth,2,33,2,1,11
compatibility,2,33,2,1,11
comprehend,2,33,2,2,11
concentrated,2,33,2,1,11
construction,2,33,2,2,11
contemplate,2,33,2,2,11
contest,2,33,2,1,11
convention,2,33,2,2,11
convert,2,33,2,2,11
corresponding,2,33,2,2,11
couch,2,33,2,2,11
county,2,33,2,2,11
courage,2,33,2,1,11
cozy,2,33,2,1,11
crawl,2,33,2,1,11
criticism,2,33,2,1,11
curse,2,33,2,2,11
dealer,2,33,2,1,11
decent,2,33,2,2,11
declare,2,33,2,2,11
deduct,2,33,2,1,11
degenerate,2,33,2,2,11
deliberately,2,33,2,2,11
democratic,2,33,2,2,11
depict,2,33,2,2,11
destiny,2,33,2,2,11
determination,2,33,2,1,11
devote,2,33,2,1,11
dine,2,33,2,1,11
dip,2,33,2,2,11
displace,2,33,2,2,11
displacement,2,33,2,1,11
disproportionate,2,33,2,2,11
disregard,2,33,2,2,11
disruptive,2,33,2,2,11
distinction,2,33,2,2,11
distinctive,2,33,2,2,11
distribute,2,33,2,2,11
dock,2,33,2,1,11
document,2,33,2,2,11
downturn,2,33,2,1,11
drawing,2,33,2,2,11
dreadful,2,33,2,1,11
drift,2,33,2,1,11
drunk,2,33,2,1,11
duty,2,33,2,2,11
dwarf,2,33,2,2,11
edit,2,33,2,2,11
electrical,2,33,2,1,11
emit,2,33,2,2,11
endure,2,33,2,2,11
enroll,2,33,2,2,11
enterprise,2,33,2,2,11
envy,2,33,2,2,11
equivalent,2,33,2,2,11
error,2,33,2,2,11
evident,2,33,2,2,11
evoke,2,33,2,2,11
exaggerate,2,33,2,2,11
exceedingly,2,33,2,2,11
excessively,2,33,2,2,11
excite,2,33,2,2,11
execute,2,33,2,2,11
exhaust,2,33,2,2,11
extract,2,33,2,1,11
fatal,2,33,2,1,11
fertilizer,2,33,2,1,11
finite,2,33,2,1,11
fisherman,2,33,2,1,11
flourish,2,33,2,1,11
forever,2,33,2,1,11
fracture,2,33,2,1,11
fragile,2,33,2,2,11
fridge,2,33,2,1,11
frontier,2,33,2,2,11
furthermore,2,33,2,2,11
gallery,2,33,2,2,11
generosity,2,33,2,2,11
germ,2,33,2,1,11
grand,2,33,2,1,11
gulf,2,33,2,1,11
hail,2,33,2,1,11
hamper,2,33,2,2,11
haunt,2,33,2,2,11
hazardous,2,33,2,1,11
height,2,33,2,2,11
hell,2,33,2,2,11
heritage,2,33,2,2,11
hesitate,2,33,2,1,11
hip,2,33,2,1,11
hole,2,33,2,2,11
horizon,2,33,2,2,11
horrible,2,33,2,2,11
humiliation,2,33,2,1,11
hypothesis,2,33,2,2,11
immigration,2,33,2,2,11
immunity,2,33,2,1,11
impression,2,33,2,1,11
incline,2,33,2,2,11
inclusive,2,33,2,1,11
indication,2,33,2,1,11
indispensable,2,33,2,2,11
infectious,2,33,2,2,11
ingenious,2,33,2,1,11
inhabit,2,33,2,2,11
inherent,2,33,2,2,11
inner,2,33,2,1,11
insist,2,33,2,2,11
installation,2,33,2,2,11
instantaneous,2,33,2,1,11
instantly,2,33,2,2,11
insulate,2,33,2,1,11
intensity,2,33,2,2,11
interfere,2,33,2,2,11
invariably,2,33,2,2,11
invention,2,33,2,1,11
ironically,2,33,2,1,11
irony,2,33,2,2,11
irrigation,2,33,2,2,11
kingdom,2,33,2,2,11
laboratory,2,33,2,2,11
labour,2,33,2,2,11
lawn,2,33,2,2,11
lawyer,2,33,2,2,11
layman,2,33,2,2,11
lest,2,33,2,1,11
longing,2,33,2,2,11
magnetic,2,33,2,1,11
mainland,2,33,2,1,11
mall,2,33,2,2,11
manifest,2,33,2,2,11
mankind,2,33,2,2,11
married,2,33,2,1,11
marvel,2,33,2,2,11
masculine,2,33,2,1,11
masterpiece,2,33,2,2,11
mechanical,2,33,2,2,11
mercury,2,33,2,1,11
mere,2,33,2,2,11
merge,2,33,2,1,11
mess,2,33,2,1,11
migrant,2,33,2,1,11
minimal,2,33,2,1,11
mislead,2,33,2,1,11
moderately,2,33,2,1,11
moisture,2,33,2,1,11
molecular,2,33,2,2,11
molecule,2,33,2,2,11
mortgage,2,33,2,2,11
mount,2,33,2,2,11
myth,2,33,2,2,11
naive,2,33,2,2,11
neutral,2,33,2,2,11
newly,2,33,2,2,11
noisy,2,33,2,1,11
nonsense,2,33,2,2,11
notable,2,33,2,2,11
novelty,2,33,2,1,11
occupy,2,33,2,2,11
offend,2,33,2,2,11
offset,2,33,2,2,11
opening,2,33,2,2,11
oppose,2,33,2,2,11
overlook,2,33,2,2,11
overwhelming,2,33,2,2,11
panic,2,33,2,1,11
paradise,2,33,2,1,11
perish,2,33,2,2,11
permeate,2,33,2,2,11
photograph,2,33,2,2,11
pile,2,33,2,2,11
plough,2,33,2,2,11
portable,2,33,2,1,11
portrait,2,33,2,2,11
postal,2,33,2,1,11
postman,2,33,2,1,11
precise,2,33,2,2,11
predecessor,2,33,2,2,11
prediction,2,33,2,2,11
pregnancy,2,33,2,1,11
premature,2,33,2,2,11
presentation,2,33,2,1,11
pretend,2,33,2,1,11
principally,2,33,2,1,11
printer,2,33,2,1,11
prohibit,2,33,2,2,11
prompt,2,33,2,2,11
prone,2,33,2,2,11
proposition,2,33,2,2,11
prosperous,2,33,2,1,11
purely,2,33,2,2,11
puzzle,2,33,2,2,11
queen,2,33,2,1,11
questionable,2,33,2,1,11
rat,2,33,2,2,11
ratio,2,33,2,1,11
ray,2,33,2,2,11
realistic,2,33,2,2,11
reception,2,33,2,1,11
reign,2,33,2,2,11
relief,2,33,2,2,11
repay,2,33,2,2,11
representation,2,33,2,2,11
representative,2,33,2,2,11
reproduce,2,33,2,1,11
request,2,33,2,2,11
residential,2,33,2,2,11
respective,2,33,2,1,11
restrain,2,33,2,2,11
restriction,2,33,2,1,11
retention,2,33,2,2,11
retirement,2,33,2,2,11
revolve,2,33,2,2,11
roll,2,33,2,2,11
rose,2,33,2,2,11
rotate,2,33,2,2,11
sadly,2,33,2,2,11
salt,2,33,2,2,11
scarce,2,33,2,2,11
scope,2,33,2,1,11
scrape,2,33,2,2,11
scream,2,33,2,2,11
sculpture,2,33,2,1,11
seize,2,33,2,2,11
sensation,2,33,2,1,11
sensible,2,33,2,2,11
sensitive,2,33,2,1,11
sensitivity,2,33,2,1,11
sew,2,33,2,1,11
shake,2,33,2,2,11
shield,2,33,2,2,11
shut,2,33,2,2,11
sight,2,33,2,1,11
site,2,33,2,2,11
situated,2,33,2,2,11
sleepy,2,33,2,1,11
smash,2,33,2,2,11
smoothly,2,33,2,2,11
soak,2,33,2,1,11
solely,2,33,2,2,11
spacecraft,2,33,2,2,11
spacious,2,33,2,1,11
spectacular,2,33,2,1,11
spirit,2,33,2,2,11
spiritual,2,33,2,2,11
split,2,33,2,2,11
spoil,2,33,2,1,11
static,2,33,2,2,11
stir,2,33,2,2,11
stool,2,33,2,1,11
strait,2,33,2,2,11
strategic,2,33,2,2,11
stray,2,33,2,2,11
stream,2,33,2,2,11
string,2,33,2,1,11
stubborn,2,33,2,2,11
sturdy,2,33,2,2,11
sufficiently,2,33,2,1,11
summary,2,33,2,1,11
supplement,2,33,2,1,11
surely,2,33,2,2,11
surgeon,2,33,2,1,11
suspend,2,33,2,2,11
sweat,2,33,2,2,11
systematically,2,33,2,2,11
tame,2,33,2,1,11
temple,2,33,2,1,11
tent,2,33,2,1,11
terrible,2,33,2,2,11
theme,2,33,2,1,11
thesis,2,33,2,1,11
thorough,2,33,2,1,11
tickle,2,33,2,1,11
tolerance,2,33,2,1,11
trace,2,33,2,2,11
tremendous,2,33,2,2,11
trial,2,33,2,2,11
tropical,2,33,2,1,11
truck,2,33,2,2,11
turnover,2,33,2,2,11
typical,2,33,2,2,11
unanimous,2,33,2,2,11
universally,2,33,2,2,11
unusually,2,33,2,1,11
useless,2,33,2,2,11
variation,2,33,2,2,11
velvet,2,33,2,1,11
versatile,2,33,2,1,11
violate,2,33,2,2,11
violence,2,33,2,2,11
visible,2,33,2,1,11
visual,2,33,2,2,11
vocational,2,33,2,1,11
warrant,2,33,2,2,11
weigh,2,33,2,2,11
whenever,2,33,2,1,11
whereas,2,33,2,2,11
winner,2,33,2,2,11
withdraw,2,33,2,2,11
hemisphere,1,33,13,1,11
horror,1,33,12,1,11
flash,1,33,10,1,11
rainbow,1,33,10,1,11
automation,1,33,8,1,11
orchestra,1,33,8,1,11
patron,1,33,8,1,11
snob,1,33,8,1,11
protein,1,33,7,1,11
vessel,1,33,7,1,11
generator,1,33,6,1,11
intersection,1,33,6,1,11
runner,1,33,6,1,11
variable,1,33,6,1,11
wreck,1,33,6,1,11
competent,1,33,5,1,11
lawsuit,1,33,5,1,11
mobility,1,33,5,1,11
ward,1,33,5,1,11
button,1,33,4,1,11
cafe,1,33,4,1,11
calendar,1,33,4,1,11
degrade,1,33,4,1,11
exploration,1,33,4,1,11
legislation,1,33,4,1,11
librarian,1,33,4,1,11
lunar,1,33,4,1,11
opera,1,33,4,1,11
pedestrian,1,33,4,1,11
penny,1,33,4,1,11
quiz,1,33,4,1,11
recycle,1,33,4,1,11
soda,1,33,4,1,11
tan,1,33,4,1,11
tide,1,33,4,1,11
upward,1,33,4,1,11
alteration,1,33,3,1,11
ballet,1,33,3,1,11
cannon,1,33,3,1,11
confer,1,33,3,1,11
cow,1,33,3,1,11
crew,1,33,3,1,11
diesel,1,33,3,1,11
dome,1,33,3,1,11
ecology,1,33,3,1,11
greed,1,33,3,1,11
hook,1,33,3,1,11
ladder,1,33,3,1,11
landlord,1,33,3,1,11
logical,1,33,3,1,11
musical,1,33,3,1,11
orbit,1,33,3,1,11
permission,1,33,3,1,11
practise,1,33,3,1,11
railroad,1,33,3,1,11
shrub,1,33,3,1,11
solo,1,33,3,1,11
spice,1,33,3,1,11
symphony,1,33,3,1,11
transparent,1,33,3,1,11
tutor,1,33,3,1,11
absent,1,33,2,1,11
abuse,1,33,2,1,11
acceptance,1,33,2,1,11
accuse,1,33,2,1,11
acknowledge,1,33,2,1,11
alien,1,33,2,1,11
assertive,1,33,2,1,11
augment,1,33,2,1,11
authentic,1,33,2,1,11
automobile,1,33,2,1,11
bacterium,1,33,2,1,11
baffle,1,33,2,1,11
banker,1,33,2,1,11
cease,1,33,2,1,11
ceremony,1,33,2,1,11
chord,1,33,2,1,11
commend,1,33,2,1,11
compile,1,33,2,1,11
comprise,1,33,2,1,11
conceive,1,33,2,1,11
conductor,1,33,2,1,11
conform,1,33,2,1,11
corridor,1,33,2,1,11
criteria,1,33,2,1,11
dialect,1,33,2,1,11
dictate,1,33,2,1,11
disposal,1,33,2,1,11
ditch,1,33,2,1,11
divert,1,33,2,1,11
empirical,1,33,2,1,11
eruption,1,33,2,1,11
fantastic,1,33,2,1,11
fiber,1,33,2,1,11
forecast,1,33,2,1,11
foundation,1,33,2,1,11
furious,1,33,2,1,11
gamble,1,33,2,1,11
goodness,1,33,2,1,11
hindrance,1,33,2,1,11
hospitality,1,33,2,1,11
immigrant,1,33,2,1,11
impart,1,33,2,1,11
indoors,1,33,2,1,11
inertia,1,33,2,1,11
knight,1,33,2,1,11
makeup,1,33,2,1,11
maritime,1,33,2,1,11
marsh,1,33,2,1,11
mediate,1,33,2,1,11
mercy,1,33,2,1,11
metal,1,33,2,1,11
monster,1,33,2,1,11
moreover,1,33,2,1,11
nut,1,33,2,1,11
oral,1,33,2,1,11
orchard,1,33,2,1,11
ought,1,33,2,1,11
parcel,1,33,2,1,11
patent,1,33,2,1,11
phrase,1,33,2,1,11
pit,1,33,2,1,11
prayer,1,33,2,1,11
preach,1,33,2,1,11
premium,1,33,2,1,11
proceed,1,33,2,1,11
profession,1,33,2,1,11
proficient,1,33,2,1,11
radiation,1,33,2,1,11
reap,1,33,2,1,11
rear,1,33,2,1,11
receiver,1,33,2,1,11
rectangular,1,33,2,1,11
remark,1,33,2,1,11
reserve,1,33,2,1,11
sale,1,33,2,1,11
scheme,1,33,2,1,11
scrap,1,33,2,1,11
shallow,1,33,2,1,11
shrug,1,33,2,1,11
smog,1,33,2,1,11
snack,1,33,2,1,11
snobbish,1,33,2,1,11
squeeze,1,33,2,1,11
structural,1,33,2,1,11
subsequent,1,33,2,1,11
swell,1,33,2,1,11
synthesize,1,33,2,1,11
telescope,1,33,2,1,11
thanksgiving,1,33,2,1,11
ton,1,33,2,1,11
triumph,1,33,2,1,11
tug,1,33,2,1,11
turmoil,1,33,2,1,11
undergraduate,1,33,2,1,11
unlimited,1,33,2,1,11
unorthodox,1,33,2,1,11
upset,1,33,2,1,11
vigor,1,33,2,1,11
violation,1,33,2,1,11
violet,1,33,2,1,11
voluntary,1,33,2,1,11
waiter,1,33,2,1,11
wheat,1,33,2,1,11
witty,1,33,2,1,11
yawn,1,33,2,1,11
youth,1,33,2,1,11
abrupt,1,33,1,1,11
abundance,1,33,1,1,11
academy,1,33,1,1,11
accelerate,1,33,1,1,11
accurate,1,33,1,1,11
acquaintance,1,33,1,1,11
acquisition,1,33,1,1,11
acute,1,33,1,1,11
addict,1,33,1,1,11
administration,1,33,1,1,11
affirm,1,33,1,1,11
agitation,1,33,1,1,11
agreeable,1,33,1,1,11
alike,1,33,1,1,11
alive,1,33,1,1,11
allegation,1,33,1,1,11
allege,1,33,1,1,11
amusement,1,33,1,1,11
analytic,1,33,1,1,11
anniversary,1,33,1,1,11
appointment,1,33,1,1,11
appraise,1,33,1,1,11
Arabian,1,33,1,1,11
arc,1,33,1,1,11
articulate,1,33,1,1,11
assemble,1,33,1,1,11
astronomy,1,33,1,1,11
athletic,1,33,1,1,11
attachment,1,33,1,1,11
attentive,1,33,1,1,11
aviation,1,33,1,1,11
badge,1,33,1,1,11
ballot,1,33,1,1,11
bankruptcy,1,33,1,1,11
barely,1,33,1,1,11
bark,1,33,1,1,11
beforehand,1,33,1,1,11
beneficiary,1,33,1,1,11
bewilder,1,33,1,1,11
bitterness,1,33,1,1,11
bizarre,1,33,1,1,11
bleak,1,33,1,1,11
bluntly,1,33,1,1,11
blur,1,33,1,1,11
bomb,1,33,1,1,11
booth,1,33,1,1,11
bronze,1,33,1,1,11
brutal,1,33,1,1,11
buffalo,1,33,1,1,11
bull,1,33,1,1,11
bump,1,33,1,1,11
burst,1,33,1,1,11
by-product,1,33,1,1,11
camp,1,33,1,1,11
canoe,1,33,1,1,11
captain,1,33,1,1,11
carpet,1,33,1,1,11
carriage,1,33,1,1,11
casualty,1,33,1,1,11
catalog,1,33,1,1,11
cater,1,33,1,1,11
cathedral,1,33,1,1,11
causal,1,33,1,1,11
cave,1,33,1,1,11
cent,1,33,1,1,11
chairman,1,33,1,1,11
chamber,1,33,1,1,11
charm,1,33,1,1,11
chart,1,33,1,1,11
chase,1,33,1,1,11
cheer,1,33,1,1,11
chess,1,33,1,1,11
chest,1,33,1,1,11
chicken,1,33,1,1,11
circular,1,33,1,1,11
clap,1,33,1,1,11
clarify,1,33,1,1,11
cliff,1,33,1,1,11
coalition,1,33,1,1,11
coincidence,1,33,1,1,11
collaborate,1,33,1,1,11
collapse,1,33,1,1,11
colonel,1,33,1,1,11
column,1,33,1,1,11
commerce,1,33,1,1,11
commonplace,1,33,1,1,11
comply,1,33,1,1,11
compose,1,33,1,1,11
compress,1,33,1,1,11
compute,1,33,1,1,11
concise,1,33,1,1,11
condemn,1,33,1,1,11
configuration,1,33,1,1,11
conjunction,1,33,1,1,11
conquer,1,33,1,1,11
conscience,1,33,1,1,11
consecutive,1,33,1,1,11
Conservative,1,33,1,1,11
considerable,1,33,1,1,11
consolidate,1,33,1,1,11
constituent,1,33,1,1,11
contemptuous,1,33,1,1,11
contend,1,33,1,1,11
contrive,1,33,1,1,11
conversely,1,33,1,1,11
corps,1,33,1,1,11
cosmos,1,33,1,1,11
counseling,1,33,1,1,11
counter,1,33,1,1,11
counteract,1,33,1,1,11
courtesy,1,33,1,1,11
cousin,1,33,1,1,11
crazy,1,33,1,1,11
creep,1,33,1,1,11
criminal,1,33,1,1,11
crooked,1,33,1,1,11
crown,1,33,1,1,11
cruel,1,33,1,1,11
crystal,1,33,1,1,11
culminate,1,33,1,1,11
cumulative,1,33,1,1,11
cure,1,33,1,1,11
customer,1,33,1,1,11
damp,1,33,1,1,11
dash,1,33,1,1,11
deceive,1,33,1,1,11
deceptive,1,33,1,1,11
decidedly,1,33,1,1,11
decisive,1,33,1,1,11
defeat,1,33,1,1,11
delicate,1,33,1,1,11
dense,1,33,1,1,11
depress,1,33,1,1,11
depth,1,33,1,1,11
descend,1,33,1,1,11
desperately,1,33,1,1,11
dessert,1,33,1,1,11
destine,1,33,1,1,11
destructive,1,33,1,1,11
detach,1,33,1,1,11
detection,1,33,1,1,11
deviate,1,33,1,1,11
deviation,1,33,1,1,11
dial,1,33,1,1,11
dilemma,1,33,1,1,11
diligent,1,33,1,1,11
directory,1,33,1,1,11
disappearance,1,33,1,1,11
disapproval,1,33,1,1,11
disastrous,1,33,1,1,11
discard,1,33,1,1,11
disgust,1,33,1,1,11
dissatisfy,1,33,1,1,11
dissolve,1,33,1,1,11
distinctly,1,33,1,1,11
dive,1,33,1,1,11
diversion,1,33,1,1,11
dizzy,1,33,1,1,11
dose,1,33,1,1,11
drag,1,33,1,1,11
drawback,1,33,1,1,11
drought,1,33,1,1,11
dumb,1,33,1,1,11
dump,1,33,1,1,11
duration,1,33,1,1,11
dust,1,33,1,1,11
dwelling,1,33,1,1,11
dynamic,1,33,1,1,11
eagle,1,33,1,1,11
echo,1,33,1,1,11
edition,1,33,1,1,11
eject,1,33,1,1,11
elapse,1,33,1,1,11
election,1,33,1,1,11
elevation,1,33,1,1,11
elevator,1,33,1,1,11
elimination,1,33,1,1,11
embody,1,33,1,1,11
emerge,1,33,1,1,11
endeavour,1,33,1,1,11
enlarge,1,33,1,1,11
ensue,1,33,1,1,11
envisage,1,33,1,1,11
episode,1,33,1,1,11
erroneous,1,33,1,1,11
erupt,1,33,1,1,11
escort,1,33,1,1,11
eternal,1,33,1,1,11
ethical,1,33,1,1,11
evaporate,1,33,1,1,11
excess,1,33,1,1,11
expedition,1,33,1,1,11
expel,1,33,1,1,11
experimentation,1,33,1,1,11
explode,1,33,1,1,11
extension,1,33,1,1,11
extraction,1,33,1,1,11
faith,1,33,1,1,11
fake,1,33,1,1,11
famine,1,33,1,1,11
farther,1,33,1,1,11
fascinating,1,33,1,1,11
fearful,1,33,1,1,11
feast,1,33,1,1,11
feather,1,33,1,1,11
feedback,1,33,1,1,11
fertile,1,33,1,1,11
festival,1,33,1,1,11
fibre,1,33,1,1,11
fixture,1,33,1,1,11
flatter,1,33,1,1,11
flee,1,33,1,1,11
fleet,1,33,1,1,11
flour,1,33,1,1,11
flu,1,33,1,1,11
fluctuate,1,33,1,1,11
fluctuation,1,33,1,1,11
fold,1,33,1,1,11
follower,1,33,1,1,11
fond,1,33,1,1,11
forbid,1,33,1,1,11
forth,1,33,1,1,11
forum,1,33,1,1,11
fox,1,33,1,1,11
fraction,1,33,1,1,11
fragment,1,33,1,1,11
framework,1,33,1,1,11
frank,1,33,1,1,11
frequency,1,33,1,1,11
fright,1,33,1,1,11
frightful,1,33,1,1,11
fry,1,33,1,1,11
fur,1,33,1,1,11
furnish,1,33,1,1,11
galaxy,1,33,1,1,11
garbage,1,33,1,1,11
gauge,1,33,1,1,11
gaze,1,33,1,1,11
gear,1,33,1,1,11
gently,1,33,1,1,11
genuine,1,33,1,1,11
geography,1,33,1,1,11
glove,1,33,1,1,11
goat,1,33,1,1,11
govern,1,33,1,1,11
gradual,1,33,1,1,11
grammar,1,33,1,1,11
grants,1,33,1,1,11
gravity,1,33,1,1,11
grip,1,33,1,1,11
gross,1,33,1,1,11
habitual,1,33,1,1,11
hammer,1,33,1,1,11
handicap,1,33,1,1,11
harmonious,1,33,1,1,11
haul,1,33,1,1,11
hazard,1,33,1,1,11
heading,1,33,1,1,11
headquarters,1,33,1,1,11
hence,1,33,1,1,11
herald,1,33,1,1,11
honesty,1,33,1,1,11
hug,1,33,1,1,11
hum,1,33,1,1,11
humidity,1,33,1,1,11
hut,1,33,1,1,11
ideally,1,33,1,1,11
idle,1,33,1,1,11
illuminate,1,33,1,1,11
imaginary,1,33,1,1,11
imitation,1,33,1,1,11
immense,1,33,1,1,11
immortal,1,33,1,1,11
impatient,1,33,1,1,11
implicit,1,33,1,1,11
impressive,1,33,1,1,11
inaccurate,1,33,1,1,11
inadequate,1,33,1,1,11
inch,1,33,1,1,11
incident,1,33,1,1,11
incidentally,1,33,1,1,11
indifferent,1,33,1,1,11
indignant,1,33,1,1,11
indignation,1,33,1,1,11
indirect,1,33,1,1,11
inefficient,1,33,1,1,11
inevitably,1,33,1,1,11
infancy,1,33,1,1,11
infect,1,33,1,1,11
infinitely,1,33,1,1,11
inflate,1,33,1,1,11
inherit,1,33,1,1,11
initially,1,33,1,1,11
injure,1,33,1,1,11
innumerable,1,33,1,1,11
insert,1,33,1,1,11
instruct,1,33,1,1,11
insure,1,33,1,1,11
integral,1,33,1,1,11
integrate,1,33,1,1,11
intellect,1,33,1,1,11
intention,1,33,1,1,11
interference,1,33,1,1,11
interior,1,33,1,1,11
intermittent,1,33,1,1,11
interrupt,1,33,1,1,11
interval,1,33,1,1,11
intrigue,1,33,1,1,11
intriguing,1,33,1,1,11
intrinsic,1,33,1,1,11
invasion,1,33,1,1,11
inventor,1,33,1,1,11
iron,1,33,1,1,11
irregular,1,33,1,1,11
irrespective,1,33,1,1,11
jam,1,33,1,1,11
joyful,1,33,1,1,11
jungle,1,33,1,1,11
justice,1,33,1,1,11
keeper,1,33,1,1,11
kick,1,33,1,1,11
knit,1,33,1,1,11
lamb,1,33,1,1,11
lamentation,1,33,1,1,11
landing,1,33,1,1,11
lane,1,33,1,1,11
lately,1,33,1,1,11
laundry,1,33,1,1,11
lay,1,33,1,1,11
layer,1,33,1,1,11
layout,1,33,1,1,11
leak,1,33,1,1,11
lean,1,33,1,1,11
leather,1,33,1,1,11
lengthen,1,33,1,1,11
lever,1,33,1,1,11
liable,1,33,1,1,11
liberate,1,33,1,1,11
liberty,1,33,1,1,11
license,1,33,1,1,11
lid,1,33,1,1,11
likewise,1,33,1,1,11
limb,1,33,1,1,11
linguistic,1,33,1,1,11
lion,1,33,1,1,11
lip,1,33,1,1,11
literal,1,33,1,1,11
lodging,1,33,1,1,11
logistics,1,33,1,1,11
lonely,1,33,1,1,11
longevity,1,33,1,1,11
loop,1,33,1,1,11
loose,1,33,1,1,11
loosely,1,33,1,1,11
loyal,1,33,1,1,11
loyalty,1,33,1,1,11
luxurious,1,33,1,1,11
magnificent,1,33,1,1,11
malicious,1,33,1,1,11
manuscript,1,33,1,1,11
marble,1,33,1,1,11
Mars,1,33,1,1,11
Marxist,1,33,1,1,11
mastery,1,33,1,1,11
mate,1,33,1,1,11
materialism,1,33,1,1,11
maternity,1,33,1,1,11
meadow,1,33,1,1,11
meantime,1,33,1,1,11
measurement,1,33,1,1,11
mechanically,1,33,1,1,11
membership,1,33,1,1,11
merit,1,33,1,1,11
metabolic,1,33,1,1,11
metric,1,33,1,1,11
microphone,1,33,1,1,11
microscopic,1,33,1,1,11
mighty,1,33,1,1,11
mile,1,33,1,1,11
mingle,1,33,1,1,11
minus,1,33,1,1,11
mobilize,1,33,1,1,11
modest,1,33,1,1,11
momentum,1,33,1,1,11
monetary,1,33,1,1,11
morality,1,33,1,1,11
mould,1,33,1,1,11
mouse,1,33,1,1,11
mud,1,33,1,1,11
multitude,1,33,1,1,11
mushroom,1,33,1,1,11
mysterious,1,33,1,1,11
naked,1,33,1,1,11
namely,1,33,1,1,11
napkin,1,33,1,1,11
narrative,1,33,1,1,11
nasty,1,33,1,1,11
nearby,1,33,1,1,11
neat,1,33,1,1,11
negligible,1,33,1,1,11
neighbouring,1,33,1,1,11
nightmare,1,33,1,1,11
nonetheless,1,33,1,1,11
normally,1,33,1,1,11
northeast,1,33,1,1,11
notify,1,33,1,1,11
notorious,1,33,1,1,11
notwithstanding,1,33,1,1,11
nursery,1,33,1,1,11
obey,1,33,1,1,11
objection,1,33,1,1,11
oblige,1,33,1,1,11
obscene,1,33,1,1,11
occurrence,1,33,1,1,11
odd,1,33,1,1,11
omit,1,33,1,1,11
operational,1,33,1,1,11
optical,1,33,1,1,11
optimistic,1,33,1,1,11
outdoor,1,33,1,1,11
outdoors,1,33,1,1,11
outline,1,33,1,1,11
outlook,1,33,1,1,11
outward,1,33,1,1,11
overestimate,1,33,1,1,11
overflow,1,33,1,1,11
overhead,1,33,1,1,11
overt,1,33,1,1,11
overtime,1,33,1,1,11
owl,1,33,1,1,11
pacific,1,33,1,1,11
painful,1,33,1,1,11
paradoxically,1,33,1,1,11
parallel,1,33,1,1,11
paralysis,1,33,1,1,11
patch,1,33,1,1,11
pea,1,33,1,1,11
peaceful,1,33,1,1,11
pearl,1,33,1,1,11
peculiarity,1,33,1,1,11
penetrate,1,33,1,1,11
pepper,1,33,1,1,11
periodical,1,33,1,1,11
permanent,1,33,1,1,11
permit,1,33,1,1,11
perpetual,1,33,1,1,11
perplex,1,33,1,1,11
personnel,1,33,1,1,11
pest,1,33,1,1,11
petition,1,33,1,1,11
physicist,1,33,1,1,11
physics,1,33,1,1,11
physiological,1,33,1,1,11
pickle,1,33,1,1,11
pilot,1,33,1,1,11
pine,1,33,1,1,11
pineapple,1,33,1,1,11
pink,1,33,1,1,11
plausible,1,33,1,1,11
poet,1,33,1,1,11
poison,1,33,1,1,11
poll,1,33,1,1,11
ponder,1,33,1,1,11
pool,1,33,1,1,11
pop,1,33,1,1,11
porcelain,1,33,1,1,11
pour,1,33,1,1,11
powder,1,33,1,1,11
practically,1,33,1,1,11
pray,1,33,1,1,11
precede,1,33,1,1,11
preceding,1,33,1,1,11
predominate,1,33,1,1,11
prejudice,1,33,1,1,11
premise,1,33,1,1,11
prevail,1,33,1,1,11
prison,1,33,1,1,11
prisoner,1,33,1,1,11
profit,1,33,1,1,11
pronounce,1,33,1,1,11
proof,1,33,1,1,11
propagation,1,33,1,1,11
prospective,1,33,1,1,11
protective,1,33,1,1,11
prototype,1,33,1,1,11
provoke,1,33,1,1,11
proximity,1,33,1,1,11
purify,1,33,1,1,11
quarterly,1,33,1,1,11
quest,1,33,1,1,11
rabbit,1,33,1,1,11
radar,1,33,1,1,11
radioactive,1,33,1,1,11
rage,1,33,1,1,11
rainy,1,33,1,1,11
rally,1,33,1,1,11
rating,1,33,1,1,11
rattle,1,33,1,1,11
reassure,1,33,1,1,11
reckless,1,33,1,1,11
reckon,1,33,1,1,11
reclaim,1,33,1,1,11
recorder,1,33,1,1,11
recreation,1,33,1,1,11
recurrence,1,33,1,1,11
redundant,1,33,1,1,11
register,1,33,1,1,11
reinforce,1,33,1,1,11
relation,1,33,1,1,11
reliability,1,33,1,1,11
reliance,1,33,1,1,11
relieve,1,33,1,1,11
religion,1,33,1,1,11
reluctant,1,33,1,1,11
remainder,1,33,1,1,11
remnant,1,33,1,1,11
renaissance,1,33,1,1,11
renovation,1,33,1,1,11
repair,1,33,1,1,11
replacement,1,33,1,1,11
reproach,1,33,1,1,11
reproduction,1,33,1,1,11
rescue,1,33,1,1,11
resemblance,1,33,1,1,11
residence,1,33,1,1,11
respectively,1,33,1,1,11
retain,1,33,1,1,11
revolt,1,33,1,1,11
rhythm,1,33,1,1,11
ridge,1,33,1,1,11
ridiculous,1,33,1,1,11
riot,1,33,1,1,11
ripe,1,33,1,1,11
roam,1,33,1,1,11
rock,1,33,1,1,11
rocket,1,33,1,1,11
rot,1,33,1,1,11
rotten,1,33,1,1,11
royalty,1,33,1,1,11
ruthless,1,33,1,1,11
sacred,1,33,1,1,11
salad,1,33,1,1,11
sandy,1,33,1,1,11
scarcely,1,33,1,1,11
scarlet,1,33,1,1,11
sceptical,1,33,1,1,11
scholarship,1,33,1,1,11
sedentary,1,33,1,1,11
segment,1,33,1,1,11
servant,1,33,1,1,11
seventeen,1,33,1,1,11
sexual,1,33,1,1,11
shade,1,33,1,1,11
shark,1,33,1,1,11
sharp,1,33,1,1,11
shave,1,33,1,1,11
shell,1,33,1,1,11
shelter,1,33,1,1,11
sheriff,1,33,1,1,11
shilling,1,33,1,1,11
shock,1,33,1,1,11
shore,1,33,1,1,11
shorthand,1,33,1,1,11
singular,1,33,1,1,11
skyscraper,1,33,1,1,11
slavery,1,33,1,1,11
sole,1,33,1,1,11
somehow,1,33,1,1,11
sometime,1,33,1,1,11
sophisticated,1,33,1,1,11
sour,1,33,1,1,11
sparkle,1,33,1,1,11
spatial,1,33,1,1,11
specialize,1,33,1,1,11
specify,1,33,1,1,11
spell,1,33,1,1,11
spill,1,33,1,1,11
sponsor,1,33,1,1,11
spontaneous,1,33,1,1,11
stack,1,33,1,1,11
stadium,1,33,1,1,11
stare,1,33,1,1,11
steak,1,33,1,1,11
steep,1,33,1,1,11
steer,1,33,1,1,11
stereotype,1,33,1,1,11
steward,1,33,1,1,11
stillness,1,33,1,1,11
stimulus,1,33,1,1,11
stomach,1,33,1,1,11
storage,1,33,1,1,11
storm,1,33,1,1,11
stove,1,33,1,1,11
stripe,1,33,1,1,11
stumble,1,33,1,1,11
stun,1,33,1,1,11
stupid,1,33,1,1,11
subscription,1,33,1,1,11
suburb,1,33,1,1,11
sue,1,33,1,1,11
suffice,1,33,1,1,11
suicide,1,33,1,1,11
sum,1,33,1,1,11
summarize,1,33,1,1,11
superiority,1,33,1,1,11
surplus,1,33,1,1,11
suspicion,1,33,1,1,11
swallow,1,33,1,1,11
sweep,1,33,1,1,11
symbol,1,33,1,1,11
sympathetic,1,33,1,1,11
tease,1,33,1,1,11
technician,1,33,1,1,11
tedious,1,33,1,1,11
temper,1,33,1,1,11
terminate,1,33,1,1,11
terrific,1,33,1,1,11
testify,1,33,1,1,11
thoroughly,1,33,1,1,11
thrifty,1,33,1,1,11
timetable,1,33,1,1,11
timid,1,33,1,1,11
tip,1,33,1,1,11
tomato,1,33,1,1,11
towel,1,33,1,1,11
tower,1,33,1,1,11
tray,1,33,1,1,11
tremble,1,33,1,1,11
trim,1,33,1,1,11
triple,1,33,1,1,11
troublesome,1,33,1,1,11
turbine,1,33,1,1,11
turtle,1,33,1,1,11
unavoidable,1,33,1,1,11
uncertain,1,33,1,1,11
unconscious,1,33,1,1,11
unconventional,1,33,1,1,11
undo,1,33,1,1,11
undoubtedly,1,33,1,1,11
uniform,1,33,1,1,11
unify,1,33,1,1,11
unite,1,33,1,1,11
unity,1,33,1,1,11
unlock,1,33,1,1,11
unpleasant,1,33,1,1,11
unreliable,1,33,1,1,11
unstable,1,33,1,1,11
unwilling,1,33,1,1,11
up-to-date,1,33,1,1,11
uphold,1,33,1,1,11
utter,1,33,1,1,11
valid,1,33,1,1,11
validity,1,33,1,1,11
van,1,33,1,1,11
vanity,1,33,1,1,11
veil,1,33,1,1,11
vein,1,33,1,1,11
vent,1,33,1,1,11
verbal,1,33,1,1,11
verdict,1,33,1,1,11
verify,1,33,1,1,11
veteran,1,33,1,1,11
vibrate,1,33,1,1,11
vibration,1,33,1,1,11
vice,1,33,1,1,11
vicinity,1,33,1,1,11
vigorous,1,33,1,1,11
vine,1,33,1,1,11
violently,1,33,1,1,11
visa,1,33,1,1,11
visitor,1,33,1,1,11
void,1,33,1,1,11
vow,1,33,1,1,11
voyage,1,33,1,1,11
waitress,1,33,1,1,11
walnut,1,33,1,1,11
warmth,1,33,1,1,11
weakness,1,33,1,1,11
weaver,1,33,1,1,11
wedge,1,33,1,1,11
weed,1,33,1,1,11
wherever,1,33,1,1,11
wield,1,33,1,1,11
windy,1,33,1,1,11
wine,1,33,1,1,11
wing,1,33,1,1,11
wither,1,33,1,1,11
wood,1,33,1,1,11
worm,1,33,1,1,11
wrap,1,33,1,1,11
wrestle,1,33,1,1,11
yell,1,33,1,1,11
yielding,1,33,1,1,11
youthful,1,33,1,1,11
zealous,1,33,1,1,11
abbreviation,0,33,0,0,11
abide,0,33,0,0,11
abnormal,0,33,0,0,11
abolish,0,33,0,0,11
absorption,0,33,0,0,11
accessary,0,33,0,0,11
accessory,0,33,0,0,11
accidental,0,33,0,0,11
accommodate,0,33,0,0,11
accordingly,0,33,0,0,11
accuracy,0,33,0,0,11
accustom,0,33,0,0,11
acid,0,33,0,0,11
acquaint,0,33,0,0,11
acquisitive,0,33,0,0,11
adjoin,0,33,0,0,11
adjustable,0,33,0,0,11
adoption,0,33,0,0,11
advantageous,0,33,0,0,11
advertise,0,33,0,0,11
aerial,0,33,0,0,11
aeroplane,0,33,0,0,11
aerospace,0,33,0,0,11
affair,0,33,0,0,11
affective,0,33,0,0,11
affiliate,0,33,0,0,11
afflict,0,33,0,0,11
affluence,0,33,0,0,11
afterward,0,33,0,0,11
agony,0,33,0,0,11
alas,0,33,0,0,11
album,0,33,0,0,11
allegiance,0,33,0,0,11
alliance,0,33,0,0,11
allied,0,33,0,0,11
allowance,0,33,0,0,11
alloy,0,33,0,0,11
ally,0,33,0,0,11
alphabet,0,33,0,0,11
alternate,0,33,0,0,11
altitude,0,33,0,0,11
aluminium,0,33,0,0,11
amateur,0,33,0,0,11
amaze,0,33,0,0,11
ambient,0,33,0,0,11
ambiguity,0,33,0,0,11
amends,0,33,0,0,11
amid,0,33,0,0,11
ampere,0,33,0,0,11
amplitude,0,33,0,0,11
amuse,0,33,0,0,11
analogous,0,33,0,0,11
analogue,0,33,0,0,11
ankle,0,33,0,0,11
anode,0,33,0,0,11
antarctic,0,33,0,0,11
antenna,0,33,0,0,11
antique,0,33,0,0,11
antisocial,0,33,0,0,11
apparatus,0,33,0,0,11
appendix,0,33,0,0,11
applause,0,33,0,0,11
appreciable,0,33,0,0,11
approximate,0,33,0,0,11
arch,0,33,0,0,11
arithmetic,0,33,0,0,11
ascend,0,33,0,0,11
ascribe,0,33,0,0,11
ashore,0,33,0,0,11
ass,0,33,0,0,11
assassinate,0,33,0,0,11
assign,0,33,0,0,11
assignment,0,33,0,0,11
assimilate,0,33,0,0,11
assimilation,0,33,0,0,11
assurance,0,33,0,0,11
assure,0,33,0,0,11
astonishment,0,33,0,0,11
astronaut,0,33,0,0,11
atmospheric,0,33,0,0,11
atom,0,33,0,0,11
attendant,0,33,0,0,11
attent,0,33,0,0,11
aural,0,33,0,0,11
auxiliary,0,33,0,0,11
avail,0,33,0,0,11
availability,0,33,0,0,11
avert,0,33,0,0,11
awful,0,33,0,0,11
awkward,0,33,0,0,11
axial,0,33,0,0,11
axis,0,33,0,0,11
axle,0,33,0,0,11
backbone,0,33,0,0,11
bacon,0,33,0,0,11
badminton,0,33,0,0,11
bait,0,33,0,0,11
balcony,0,33,0,0,11
bald,0,33,0,0,11
bamboo,0,33,0,0,11
bandage,0,33,0,0,11
bandit,0,33,0,0,11
banquet,0,33,0,0,11
bargain,0,33,0,0,11
barge,0,33,0,0,11
barley,0,33,0,0,11
barn,0,33,0,0,11
barometer,0,33,0,0,11
baron,0,33,0,0,11
barrel,0,33,0,0,11
baseball,0,33,0,0,11
basement,0,33,0,0,11
basin,0,33,0,0,11
batch,0,33,0,0,11
bazaar,0,33,0,0,11
bead,0,33,0,0,11
beam,0,33,0,0,11
beetle,0,33,0,0,11
beggar,0,33,0,0,11
bench,0,33,0,0,11
benign,0,33,0,0,11
bestow,0,33,0,0,11
betray,0,33,0,0,11
beware,0,33,0,0,11
biotech,0,33,0,0,11
bishop,0,33,0,0,11
blacksmith,0,33,0,0,11
blade,0,33,0,0,11
blaze,0,33,0,0,11
bleach,0,33,0,0,11
bleed,0,33,0,0,11
bless,0,33,0,0,11
blink,0,33,0,0,11
blond,0,33,0,0,11
bloom,0,33,0,0,11
blossom,0,33,0,0,11
blouse,0,33,0,0,11
blunder,0,33,0,0,11
blunt,0,33,0,0,11
blush,0,33,0,0,11
boiler,0,33,0,0,11
bold,0,33,0,0,11
bolt,0,33,0,0,11
bore,0,33,0,0,11
bosom,0,33,0,0,11
bough,0,33,0,0,11
bourgeois,0,33,0,0,11
bow,0,33,0,0,11
boycott,0,33,0,0,11
brace,0,33,0,0,11
brandy,0,33,0,0,11
breast,0,33,0,0,11
breeze,0,33,0,0,11
bribe,0,33,0,0,11
bridegroom,0,33,0,0,11
bridle,0,33,0,0,11
brightness,0,33,0,0,11
brim,0,33,0,0,11
brisk,0,33,0,0,11
bristle,0,33,0,0,11
brittle,0,33,0,0,11
brood,0,33,0,0,11
brook,0,33,0,0,11
broom,0,33,0,0,11
browse,0,33,0,0,11
bruise,0,33,0,0,11
brute,0,33,0,0,11
bucket,0,33,0,0,11
bud,0,33,0,0,11
Buddhism,0,33,0,0,11
bugle,0,33,0,0,11
bulb,0,33,0,0,11
bulletin,0,33,0,0,11
bunch,0,33,0,0,11
bundle,0,33,0,0,11
bureaucracy,0,33,0,0,11
burglar,0,33,0,0,11
burial,0,33,0,0,11
burner,0,33,0,0,11
bushel,0,33,0,0,11
butcher,0,33,0,0,11
butt,0,33,0,0,11
buzz,0,33,0,0,11
cabin,0,33,0,0,11
cabinet,0,33,0,0,11
cafeteria,0,33,0,0,11
cage,0,33,0,0,11
calculus,0,33,0,0,11
calibration,0,33,0,0,11
camel,0,33,0,0,11
camera,0,33,0,0,11
canal,0,33,0,0,11
candle,0,33,0,0,11
cane,0,33,0,0,11
canteen,0,33,0,0,11
canvas,0,33,0,0,11
capacitance,0,33,0,0,11
capacitor,0,33,0,0,11
capsule,0,33,0,0,11
captive,0,33,0,0,11
cargo,0,33,0,0,11
carpenter,0,33,0,0,11
carrier,0,33,0,0,11
carrot,0,33,0,0,11
cart,0,33,0,0,11
cartoon,0,33,0,0,11
cartridge,0,33,0,0,11
cassette,0,33,0,0,11
castle,0,33,0,0,11
casual,0,33,0,0,11
catalogue,0,33,0,0,11
catalyst,0,33,0,0,11
catholic,0,33,0,0,11
cautious,0,33,0,0,11
cavity,0,33,0,0,11
ceiling,0,33,0,0,11
cellar,0,33,0,0,11
cement,0,33,0,0,11
censor,0,33,0,0,11
centigrade,0,33,0,0,11
centimetre,0,33,0,0,11
ceramic,0,33,0,0,11
cereal,0,33,0,0,11
certificate,0,33,0,0,11
chalk,0,33,0,0,11
chapter,0,33,0,0,11
charcoal,0,33,0,0,11
chasm,0,33,0,0,11
chatter,0,33,0,0,11
cheat,0,33,0,0,11
cheek,0,33,0,0,11
cheerful,0,33,0,0,11
chemist,0,33,0,0,11
cheque,0,33,0,0,11
chestnut,0,33,0,0,11
chew,0,33,0,0,11
chimney,0,33,0,0,11
chin,0,33,0,0,11
choke,0,33,0,0,11
chop,0,33,0,0,11
chorus,0,33,0,0,11
Christ,0,33,0,0,11
Christian,0,33,0,0,11
chronicle,0,33,0,0,11
cigar,0,33,0,0,11
cigaret,0,33,0,0,11
circuit,0,33,0,0,11
circulate,0,33,0,0,11
circumference,0,33,0,0,11
circus,0,33,0,0,11
civilian,0,33,0,0,11
civilization,0,33,0,0,11
civilize,0,33,0,0,11
clamp,0,33,0,0,11
clasp,0,33,0,0,11
clatter,0,33,0,0,11
claw,0,33,0,0,11
clay,0,33,0,0,11
cleanliness,0,33,0,0,11
clearing,0,33,0,0,11
climax,0,33,0,0,11
cloak,0,33,0,0,11
clockwise,0,33,0,0,11
closet,0,33,0,0,11
clown,0,33,0,0,11
clue,0,33,0,0,11
clumsy,0,33,0,0,11
clutch,0,33,0,0,11
coarse,0,33,0,0,11
coastal,0,33,0,0,11
cock,0,33,0,0,11
coefficient,0,33,0,0,11
coffin,0,33,0,0,11
coherent,0,33,0,0,11
coil,0,33,0,0,11
collar,0,33,0,0,11
collide,0,33,0,0,11
collision,0,33,0,0,11
colonist,0,33,0,0,11
colony,0,33,0,0,11
comb,0,33,0,0,11
combustion,0,33,0,0,11
comedy,0,33,0,0,11
commander,0,33,0,0,11
commence,0,33,0,0,11
commentary,0,33,0,0,11
commonsense,0,33,0,0,11
communism,0,33,0,0,11
communist,0,33,0,0,11
compact,0,33,0,0,11
compass,0,33,0,0,11
compatible,0,33,0,0,11
compatriot,0,33,0,0,11
complement,0,33,0,0,11
completion,0,33,0,0,11
complicate,0,33,0,0,11
complication,0,33,0,0,11
compliment,0,33,0,0,11
composite,0,33,0,0,11
compression,0,33,0,0,11
compulsory,0,33,0,0,11
comrade,0,33,0,0,11
conceal,0,33,0,0,11
conceit,0,33,0,0,11
concession,0,33,0,0,11
condense,0,33,0,0,11
confess,0,33,0,0,11
confidential,0,33,0,0,11
confirmation,0,33,0,0,11
conformity,0,33,0,0,11
congest,0,33,0,0,11
congratulate,0,33,0,0,11
congratulation,0,33,0,0,11
conqueror,0,33,0,0,11
conquest,0,33,0,0,11
consequent,0,33,0,0,11
considerate,0,33,0,0,11
console,0,33,0,0,11
conspicuous,0,33,0,0,11
constitution,0,33,0,0,11
consul,0,33,0,0,11
consultant,0,33,0,0,11
contamination,0,33,0,0,11
contempt,0,33,0,0,11
continental,0,33,0,0,11
continual,0,33,0,0,11
continuous,0,33,0,0,11
contradictory,0,33,0,0,11
contrived,0,33,0,0,11
controversy,0,33,0,0,11
converge,0,33,0,0,11
converse,0,33,0,0,11
conversion,0,33,0,0,11
convict,0,33,0,0,11
copper,0,33,0,0,11
cord,0,33,0,0,11
cordial,0,33,0,0,11
corn,0,33,0,0,11
correction,0,33,0,0,11
correspondence,0,33,0,0,11
correspondent,0,33,0,0,11
corrode,0,33,0,0,11
corrosion,0,33,0,0,11
corrupt,0,33,0,0,11
cosmic,0,33,0,0,11
costume,0,33,0,0,11
cottage,0,33,0,0,11
courageous,0,33,0,0,11
courteous,0,33,0,0,11
coward,0,33,0,0,11
crab,0,33,0,0,11
cradle,0,33,0,0,11
crane,0,33,0,0,11
crank,0,33,0,0,11
crash,0,33,0,0,11
cream,0,33,0,0,11
credential,0,33,0,0,11
cricket,0,33,0,0,11
crime,0,33,0,0,11
cripple,0,33,0,0,11
crippling,0,33,0,0,11
crisp,0,33,0,0,11
criterion,0,33,0,0,11
crow,0,33,0,0,11
crude,0,33,0,0,11
cruelty,0,33,0,0,11
crush,0,33,0,0,11
crust,0,33,0,0,11
cube,0,33,0,0,11
cubic,0,33,0,0,11
cuckoo,0,33,0,0,11
cucumber,0,33,0,0,11
cunning,0,33,0,0,11
cupboard,0,33,0,0,11
curative,0,33,0,0,11
curl,0,33,0,0,11
curly,0,33,0,0,11
curt,0,33,0,0,11
curtain,0,33,0,0,11
curve,0,33,0,0,11
cushion,0,33,0,0,11
custom,0,33,0,0,11
customary,0,33,0,0,11
cutter,0,33,0,0,11
cylinder,0,33,0,0,11
dairy,0,33,0,0,11
dam,0,33,0,0,11
damn,0,33,0,0,11
dare,0,33,0,0,11
daring,0,33,0,0,11
datum,0,33,0,0,11
dazzle,0,33,0,0,11
deafen,0,33,0,0,11
dean,0,33,0,0,11
decay,0,33,0,0,11
deceit,0,33,0,0,11
decimal,0,33,0,0,11
deck,0,33,0,0,11
declaration,0,33,0,0,11
decompose,0,33,0,0,11
decorative,0,33,0,0,11
decree,0,33,0,0,11
dedicate,0,33,0,0,11
deduce,0,33,0,0,11
deepen,0,33,0,0,11
deer,0,33,0,0,11
default,0,33,0,0,11
defect,0,33,0,0,11
defend,0,33,0,0,11
defendant,0,33,0,0,11
deferential,0,33,0,0,11
deficiency,0,33,0,0,11
deficient,0,33,0,0,11
definite,0,33,0,0,11
deflect,0,33,0,0,11
deflection,0,33,0,0,11
deform,0,33,0,0,11
deformation,0,33,0,0,11
delegate,0,33,0,0,11
delegation,0,33,0,0,11
delight,0,33,0,0,11
democracy,0,33,0,0,11
demography,0,33,0,0,11
denial,0,33,0,0,11
denote,0,33,0,0,11
denounce,0,33,0,0,11
dentist,0,33,0,0,11
depart,0,33,0,0,11
departure,0,33,0,0,11
dependant,0,33,0,0,11
deportation,0,33,0,0,11
deposition,0,33,0,0,11
deputy,0,33,0,0,11
derivation,0,33,0,0,11
descendant,0,33,0,0,11
descent,0,33,0,0,11
desolate,0,33,0,0,11
despatch,0,33,0,0,11
despise,0,33,0,0,11
detain,0,33,0,0,11
detective,0,33,0,0,11
detector,0,33,0,0,11
devil,0,33,0,0,11
devotion,0,33,0,0,11
devour,0,33,0,0,11
dew,0,33,0,0,11
diagnostic,0,33,0,0,11
diagram,0,33,0,0,11
dialog,0,33,0,0,11
diameter,0,33,0,0,11
diamond,0,33,0,0,11
diary,0,33,0,0,11
dictation,0,33,0,0,11
dictator,0,33,0,0,11
diffuse,0,33,0,0,11
digest,0,33,0,0,11
diligence,0,33,0,0,11
dilute,0,33,0,0,11
dim,0,33,0,0,11
dimension,0,33,0,0,11
diploma,0,33,0,0,11
disable,0,33,0,0,11
discharge,0,33,0,0,11
disclose,0,33,0,0,11
discontented,0,33,0,0,11
discrete,0,33,0,0,11
disgrace,0,33,0,0,11
dishonour,0,33,0,0,11
disillusion,0,33,0,0,11
disillusioned,0,33,0,0,11
disk,0,33,0,0,11
dismay,0,33,0,0,11
disobedience,0,33,0,0,11
disorient,0,33,0,0,11
dispatch,0,33,0,0,11
displease,0,33,0,0,11
dispose,0,33,0,0,11
disposition,0,33,0,0,11
dissatisfaction,0,33,0,0,11
disservice,0,33,0,0,11
dissipate,0,33,0,0,11
distil,0,33,0,0,11
disturb,0,33,0,0,11
diverge,0,33,0,0,11
divine,0,33,0,0,11
divorce,0,33,0,0,11
documentary,0,33,0,0,11
dormant,0,33,0,0,11
dormitory,0,33,0,0,11
doubtful,0,33,0,0,11
doubtless,0,33,0,0,11
dove,0,33,0,0,11
downward,0,33,0,0,11
dragon,0,33,0,0,11
drainage,0,33,0,0,11
drama,0,33,0,0,11
drawer,0,33,0,0,11
dread,0,33,0,0,11
drill,0,33,0,0,11
drip,0,33,0,0,11
drown,0,33,0,0,11
duck,0,33,0,0,11
duke,0,33,0,0,11
dull,0,33,0,0,11
dully,0,33,0,0,11
duplicate,0,33,0,0,11
durable,0,33,0,0,11
dusk,0,33,0,0,11
dwell,0,33,0,0,11
dye,0,33,0,0,11
dying,0,33,0,0,11
dynamical,0,33,0,0,11
dynamo,0,33,0,0,11
earnest,0,33,0,0,11
earthenware,0,33,0,0,11
earthquake,0,33,0,0,11
eastward,0,33,0,0,11
economical,0,33,0,0,11
ego,0,33,0,0,11
Egyptian,0,33,0,0,11
elbow,0,33,0,0,11
electrician,0,33,0,0,11
electrode,0,33,0,0,11
electron,0,33,0,0,11
electronics,0,33,0,0,11
elegant,0,33,0,0,11
elemental,0,33,0,0,11
elephant,0,33,0,0,11
elicit,0,33,0,0,11
eligible,0,33,0,0,11
elliptical,0,33,0,0,11
eloquence,0,33,0,0,11
eloquent,0,33,0,0,11
embark,0,33,0,0,11
embassy,0,33,0,0,11
embroidery,0,33,0,0,11
emigrate,0,33,0,0,11
emperor,0,33,0,0,11
empire,0,33,0,0,11
enchant,0,33,0,0,11
enclose,0,33,0,0,11
enclosure,0,33,0,0,11
endanger,0,33,0,0,11
energize,0,33,0,0,11
enlighten,0,33,0,0,11
entitle,0,33,0,0,11
entity,0,33,0,0,11
entrance,0,33,0,0,11
entreat,0,33,0,0,11
entry,0,33,0,0,11
envelope,0,33,0,0,11
envious,0,33,0,0,11
epoch,0,33,0,0,11
equate,0,33,0,0,11
equation,0,33,0,0,11
equator,0,33,0,0,11
equilibrium,0,33,0,0,11
equipe,0,33,0,0,11
eradicate,0,33,0,0,11
erect,0,33,0,0,11
errand,0,33,0,0,11
establishment,0,33,0,0,11
esthetic,0,33,0,0,11
ethnic,0,33,0,0,11
evacuate,0,33,0,0,11
everlasting,0,33,0,0,11
examination,0,33,0,0,11
exceed,0,33,0,0,11
exclaim,0,33,0,0,11
exclamation,0,33,0,0,11
excrete,0,33,0,0,11
excursion,0,33,0,0,11
execution,0,33,0,0,11
exempt,0,33,0,0,11
exhibition,0,33,0,0,11
exile,0,33,0,0,11
exit,0,33,0,0,11
expenditure,0,33,0,0,11
experimentally,0,33,0,0,11
exploitation,0,33,0,0,11
explosion,0,33,0,0,11
explosive,0,33,0,0,11
exposition,0,33,0,0,11
exquisite,0,33,0,0,11
exterior,0,33,0,0,11
extinguish,0,33,0,0,11
extracurricular,0,33,0,0,11
extraordinarily,0,33,0,0,11
extravagant,0,33,0,0,11
eyesight,0,33,0,0,11
fable,0,33,0,0,11
fabricate,0,33,0,0,11
fabrication,0,33,0,0,11
facility,0,33,0,0,11
faction,0,33,0,0,11
fahrenheit,0,33,0,0,11
faint,0,33,0,0,11
faithful,0,33,0,0,11
farewell,0,33,0,0,11
farmer,0,33,0,0,11
fasten,0,33,0,0,11
fastener,0,33,0,0,11
father-in-law,0,33,0,0,11
faultless,0,33,0,0,11
faulty,0,33,0,0,11
favour,0,33,0,0,11
favourable,0,33,0,0,11
fearless,0,33,0,0,11
feeble,0,33,0,0,11
fellowship,0,33,0,0,11
feminine,0,33,0,0,11
fence,0,33,0,0,11
ferrous,0,33,0,0,11
ferry,0,33,0,0,11
fetch,0,33,0,0,11
fighter,0,33,0,0,11
filament,0,33,0,0,11
filth,0,33,0,0,11
finely,0,33,0,0,11
finger,0,33,0,0,11
fireman,0,33,0,0,11
fireplace,0,33,0,0,11
firework,0,33,0,0,11
firmness,0,33,0,0,11
first-rate,0,33,0,0,11
fission,0,33,0,0,11
fist,0,33,0,0,11
fitting,0,33,0,0,11
flag,0,33,0,0,11
flake,0,33,0,0,11
flame,0,33,0,0,11
flank,0,33,0,0,11
flannel,0,33,0,0,11
flap,0,33,0,0,11
flare,0,33,0,0,11
flask,0,33,0,0,11
flatten,0,33,0,0,11
flavour,0,33,0,0,11
fling,0,33,0,0,11
fluent,0,33,0,0,11
fluid,0,33,0,0,11
fluorescent,0,33,0,0,11
flush,0,33,0,0,11
flutter,0,33,0,0,11
flux,0,33,0,0,11
foam,0,33,0,0,11
foil,0,33,0,0,11
footpath,0,33,0,0,11
footstep,0,33,0,0,11
fore,0,33,0,0,11
forehead,0,33,0,0,11
foreigner,0,33,0,0,11
foremost,0,33,0,0,11
fork,0,33,0,0,11
formation,0,33,0,0,11
formerly,0,33,0,0,11
formulation,0,33,0,0,11
forsake,0,33,0,0,11
fort,0,33,0,0,11
forthcoming,0,33,0,0,11
fortnight,0,33,0,0,11
fortress,0,33,0,0,11
fortunate,0,33,0,0,11
fortunately,0,33,0,0,11
foul,0,33,0,0,11
fowl,0,33,0,0,11
fragrant,0,33,0,0,11
frail,0,33,0,0,11
fraud,0,33,0,0,11
freight,0,33,0,0,11
freshen,0,33,0,0,11
fret,0,33,0,0,11
friction,0,33,0,0,11
frighten,0,33,0,0,11
fringe,0,33,0,0,11
fro,0,33,0,0,11
frock,0,33,0,0,11
frost,0,33,0,0,11
frown,0,33,0,0,11
fulfil,0,33,0,0,11
funeral,0,33,0,0,11
furnace,0,33,0,0,11
fury,0,33,0,0,11
fuse,0,33,0,0,11
fuss,0,33,0,0,11
gallon,0,33,0,0,11
gang,0,33,0,0,11
gangster,0,33,0,0,11
gaol,0,33,0,0,11
garage,0,33,0,0,11
gardener,0,33,0,0,11
garlic,0,33,0,0,11
garment,0,33,0,0,11
gaseous,0,33,0,0,11
gasoline,0,33,0,0,11
gasp,0,33,0,0,11
gay,0,33,0,0,11
generalize,0,33,0,0,11
genetics,0,33,0,0,11
gentle,0,33,0,0,11
gentleman,0,33,0,0,11
geology,0,33,0,0,11
geometrical,0,33,0,0,11
geometry,0,33,0,0,11
gigantic,0,33,0,0,11
ginger,0,33,0,0,11
glamour,0,33,0,0,11
glare,0,33,0,0,11
gleam,0,33,0,0,11
glide,0,33,0,0,11
glider,0,33,0,0,11
glimpse,0,33,0,0,11
glitter,0,33,0,0,11
gloomy,0,33,0,0,11
glorify,0,33,0,0,11
glorious,0,33,0,0,11
glory,0,33,0,0,11
glossary,0,33,0,0,11
glow,0,33,0,0,11
glue,0,33,0,0,11
gnaw,0,33,0,0,11
goddess,0,33,0,0,11
golden,0,33,0,0,11
golf,0,33,0,0,11
goose,0,33,0,0,11
gorgeous,0,33,0,0,11
gorilla,0,33,0,0,11
gossip,0,33,0,0,11
governor,0,33,0,0,11
gown,0,33,0,0,11
grab,0,33,0,0,11
grace,0,33,0,0,11
graceful,0,33,0,0,11
gracious,0,33,0,0,11
gradient,0,33,0,0,11
grammatical,0,33,0,0,11
gramme,0,33,0,0,11
gramophone,0,33,0,0,11
granddaughter,0,33,0,0,11
grandfather,0,33,0,0,11
grandmother,0,33,0,0,11
grandson,0,33,0,0,11
granite,0,33,0,0,11
grape,0,33,0,0,11
graph,0,33,0,0,11
graphite,0,33,0,0,11
grasshopper,0,33,0,0,11
grassy,0,33,0,0,11
grave,0,33,0,0,11
gravel,0,33,0,0,11
gray,0,33,0,0,11
grease,0,33,0,0,11
greedy,0,33,0,0,11
greet,0,33,0,0,11
greeting,0,33,0,0,11
grey,0,33,0,0,11
grief,0,33,0,0,11
grieve,0,33,0,0,11
grim,0,33,0,0,11
grin,0,33,0,0,11
grind,0,33,0,0,11
groan,0,33,0,0,11
grocer,0,33,0,0,11
groove,0,33,0,0,11
grope,0,33,0,0,11
grove,0,33,0,0,11
growl,0,33,0,0,11
grumble,0,33,0,0,11
grunt,0,33,0,0,11
guilt,0,33,0,0,11
guilty,0,33,0,0,11
guitar,0,33,0,0,11
gum,0,33,0,0,11
gunpowder,0,33,0,0,11
gust,0,33,0,0,11
gutter,0,33,0,0,11
gymnasium,0,33,0,0,11
haircut,0,33,0,0,11
halve,0,33,0,0,11
ham,0,33,0,0,11
hamburger,0,33,0,0,11
handbook,0,33,0,0,11
handkerchief,0,33,0,0,11
handout,0,33,0,0,11
handsome,0,33,0,0,11
handwriting,0,33,0,0,11
handy,0,33,0,0,11
harbor,0,33,0,0,11
harbour,0,33,0,0,11
harden,0,33,0,0,11
hardy,0,33,0,0,11
hare,0,33,0,0,11
harness,0,33,0,0,11
harp,0,33,0,0,11
harsh,0,33,0,0,11
hassle,0,33,0,0,11
haste,0,33,0,0,11
hasten,0,33,0,0,11
hasty,0,33,0,0,11
hateful,0,33,0,0,11
hatred,0,33,0,0,11
haughty,0,33,0,0,11
hawk,0,33,0,0,11
hay,0,33,0,0,11
headlong,0,33,0,0,11
headmaster,0,33,0,0,11
heal,0,33,0,0,11
heap,0,33,0,0,11
hearth,0,33,0,0,11
hearty,0,33,0,0,11
heater,0,33,0,0,11
heating,0,33,0,0,11
heave,0,33,0,0,11
heaven,0,33,0,0,11
hedge,0,33,0,0,11
heel,0,33,0,0,11
helicopter,0,33,0,0,11
helmet,0,33,0,0,11
helpless,0,33,0,0,11
henceforth,0,33,0,0,11
herb,0,33,0,0,11
herd,0,33,0,0,11
hero,0,33,0,0,11
heroic,0,33,0,0,11
heroine,0,33,0,0,11
hierarchy,0,33,0,0,11
highway,0,33,0,0,11
hike,0,33,0,0,11
hillside,0,33,0,0,11
hinge,0,33,0,0,11
hint,0,33,0,0,11
hiss,0,33,0,0,11
historian,0,33,0,0,11
hitherto,0,33,0,0,11
hoarse,0,33,0,0,11
hoe,0,33,0,0,11
hoist,0,33,0,0,11
hollow,0,33,0,0,11
holy,0,33,0,0,11
homely,0,33,0,0,11
homogeneous,0,33,0,0,11
honeymoon,0,33,0,0,11
honour,0,33,0,0,11
honourable,0,33,0,0,11
hop,0,33,0,0,11
hopeful,0,33,0,0,11
hopeless,0,33,0,0,11
horizontal,0,33,0,0,11
horn,0,33,0,0,11
horsepower,0,33,0,0,11
hose,0,33,0,0,11
hostage,0,33,0,0,11
hostess,0,33,0,0,11
hound,0,33,0,0,11
housewife,0,33,0,0,11
huddle,0,33,0,0,11
hull,0,33,0,0,11
humanitarian,0,33,0,0,11
humble,0,33,0,0,11
humid,0,33,0,0,11
humorous,0,33,0,0,11
humour,0,33,0,0,11
hurl,0,33,0,0,11
hurrah,0,33,0,0,11
hurricane,0,33,0,0,11
hush,0,33,0,0,11
hydraulic,0,33,0,0,11
hydrocarbon,0,33,0,0,11
hydrogen,0,33,0,0,11
hymn,0,33,0,0,11
hypotheses,0,33,0,0,11
hysteria,0,33,0,0,11
hysterical,0,33,0,0,11
icy,0,33,0,0,11
idealism,0,33,0,0,11
idiom,0,33,0,0,11
idiot,0,33,0,0,11
idleness,0,33,0,0,11
ignite,0,33,0,0,11
illegal,0,33,0,0,11
illiterate,0,33,0,0,11
immigrate,0,33,0,0,11
impair,0,33,0,0,11
impartial,0,33,0,0,11
imperial,0,33,0,0,11
implore,0,33,0,0,11
impoverish,0,33,0,0,11
imprison,0,33,0,0,11
improper,0,33,0,0,11
impurity,0,33,0,0,11
inaccessible,0,33,0,0,11
inasmuch,0,33,0,0,11
inaugurate,0,33,0,0,11
incandescent,0,33,0,0,11
incense,0,33,0,0,11
inclination,0,33,0,0,11
incompatible,0,33,0,0,11
incomplete,0,33,0,0,11
indefinite,0,33,0,0,11
indefinitely,0,33,0,0,11
indicative,0,33,0,0,11
indiscriminately,0,33,0,0,11
induce,0,33,0,0,11
induction,0,33,0,0,11
industrialize,0,33,0,0,11
industrious,0,33,0,0,11
inferiority,0,33,0,0,11
infinity,0,33,0,0,11
inflict,0,33,0,0,11
infusion,0,33,0,0,11
ingenuity,0,33,0,0,11
inject,0,33,0,0,11
injection,0,33,0,0,11
ink,0,33,0,0,11
inland,0,33,0,0,11
inlet,0,33,0,0,11
inn,0,33,0,0,11
innate,0,33,0,0,11
innocent,0,33,0,0,11
inorganic,0,33,0,0,11
inquire,0,33,0,0,11
insane,0,33,0,0,11
insanity,0,33,0,0,11
insidious,0,33,0,0,11
insignificant,0,33,0,0,11
insistent,0,33,0,0,11
inspect,0,33,0,0,11
inspection,0,33,0,0,11
inspector,0,33,0,0,11
installment,0,33,0,0,11
instinctively,0,33,0,0,11
instructor,0,33,0,0,11
instrument,0,33,0,0,11
insulator,0,33,0,0,11
insurance,0,33,0,0,11
intact,0,33,0,0,11
intellectually,0,33,0,0,11
intelligible,0,33,0,0,11
intensive,0,33,0,0,11
intentional,0,33,0,0,11
interconnect,0,33,0,0,11
intercourse,0,33,0,0,11
interface,0,33,0,0,11
interim,0,33,0,0,11
intermediate,0,33,0,0,11
interpreter,0,33,0,0,11
interruption,0,33,0,0,11
intimate,0,33,0,0,11
intonation,0,33,0,0,11
intuition,0,33,0,0,11
invalid,0,33,0,0,11
inventory,0,33,0,0,11
inversely,0,33,0,0,11
invert,0,33,0,0,11
invitation,0,33,0,0,11
invoice,0,33,0,0,11
inward,0,33,0,0,11
ion,0,33,0,0,11
irregularity,0,33,0,0,11
Islam,0,33,0,0,11
ivory,0,33,0,0,11
jacket,0,33,0,0,11
jail,0,33,0,0,11
jar,0,33,0,0,11
jaw,0,33,0,0,11
jealous,0,33,0,0,11
jealousy,0,33,0,0,11
jean,0,33,0,0,11
jelly,0,33,0,0,11
jeopardize,0,33,0,0,11
jerk,0,33,0,0,11
Jesus,0,33,0,0,11
jet,0,33,0,0,11
jewel,0,33,0,0,11
jewellery,0,33,0,0,11
Jewish,0,33,0,0,11
jingle,0,33,0,0,11
jog,0,33,0,0,11
jolly,0,33,0,0,11
journalist,0,33,0,0,11
judgement,0,33,0,0,11
jug,0,33,0,0,11
junction,0,33,0,0,11
Jupiter,0,33,0,0,11
jury,0,33,0,0,11
kernel,0,33,0,0,11
kettle,0,33,0,0,11
keyboard,0,33,0,0,11
kidnap,0,33,0,0,11
kidney,0,33,0,0,11
kilowatt,0,33,0,0,11
kin,0,33,0,0,11
kindle,0,33,0,0,11
kinetic,0,33,0,0,11
kit,0,33,0,0,11
kite,0,33,0,0,11
knee,0,33,0,0,11
kneel,0,33,0,0,11
knob,0,33,0,0,11
knot,0,33,0,0,11
lace,0,33,0,0,11
lame,0,33,0,0,11
lamp,0,33,0,0,11
landlady,0,33,0,0,11
lantern,0,33,0,0,11
lap,0,33,0,0,11
laser,0,33,0,0,11
latent,0,33,0,0,11
lathe,0,33,0,0,11
latitude,0,33,0,0,11
lattice,0,33,0,0,11
laughter,0,33,0,0,11
lavatory,0,33,0,0,11
layoff,0,33,0,0,11
leaf,0,33,0,0,11
leaflet,0,33,0,0,11
leakage,0,33,0,0,11
leap,0,33,0,0,11
lease,0,33,0,0,11
legend,0,33,0,0,11
leopard,0,33,0,0,11
lessen,0,33,0,0,11
liability,0,33,0,0,11
liar,0,33,0,0,11
liberation,0,33,0,0,11
lick,0,33,0,0,11
lieutenant,0,33,0,0,11
lighten,0,33,0,0,11
lighter,0,33,0,0,11
lightly,0,33,0,0,11
lightning,0,33,0,0,11
likeness,0,33,0,0,11
lily,0,33,0,0,11
lime,0,33,0,0,11
limestone,0,33,0,0,11
limp,0,33,0,0,11
linear,0,33,0,0,11
linen,0,33,0,0,11
liner,0,33,0,0,11
linger,0,33,0,0,11
lining,0,33,0,0,11
lipstick,0,33,0,0,11
liquid,0,33,0,0,11
liquor,0,33,0,0,11
liter,0,33,0,0,11
litter,0,33,0,0,11
lively,0,33,0,0,11
liver,0,33,0,0,11
loaf,0,33,0,0,11
lobby,0,33,0,0,11
locality,0,33,0,0,11
locomotive,0,33,0,0,11
locust,0,33,0,0,11
lodge,0,33,0,0,11
lofty,0,33,0,0,11
longitude,0,33,0,0,11
loosen,0,33,0,0,11
lord,0,33,0,0,11
lorry,0,33,0,0,11
loudspeaker,0,33,0,0,11
lounge,0,33,0,0,11
lubricate,0,33,0,0,11
luggage,0,33,0,0,11
lumber,0,33,0,0,11
luminous,0,33,0,0,11
lump,0,33,0,0,11
luncheon,0,33,0,0,11
lung,0,33,0,0,11
mad,0,33,0,0,11
magician,0,33,0,0,11
magistrate,0,33,0,0,11
magnetism,0,33,0,0,11
magnify,0,33,0,0,11
magnitude,0,33,0,0,11
maid,0,33,0,0,11
maiden,0,33,0,0,11
majesty,0,33,0,0,11
malice,0,33,0,0,11
malpractice,0,33,0,0,11
managerial,0,33,0,0,11
manipulate,0,33,0,0,11
manly,0,33,0,0,11
manoeuvre,0,33,0,0,11
mansion,0,33,0,0,11
maple,0,33,0,0,11
margin,0,33,0,0,11
marginal,0,33,0,0,11
marshal,0,33,0,0,11
martyr,0,33,0,0,11
marvellous,0,33,0,0,11
Marxism,0,33,0,0,11
masculinity,0,33,0,0,11
massacre,0,33,0,0,11
mast,0,33,0,0,11
mat,0,33,0,0,11
maths,0,33,0,0,11
maturation,0,33,0,0,11
maturity,0,33,0,0,11
maximum,0,33,0,0,11
measurable,0,33,0,0,11
mechanic,0,33,0,0,11
mechanics,0,33,0,0,11
medal,0,33,0,0,11
medieval,0,33,0,0,11
meditate,0,33,0,0,11
Mediterranean,0,33,0,0,11
melancholy,0,33,0,0,11
melon,0,33,0,0,11
melt,0,33,0,0,11
memorial,0,33,0,0,11
menace,0,33,0,0,11
merchandise,0,33,0,0,11
merchant,0,33,0,0,11
merciful,0,33,0,0,11
merry,0,33,0,0,11
mesh,0,33,0,0,11
messenger,0,33,0,0,11
metallic,0,33,0,0,11
metallurgy,0,33,0,0,11
meteorite,0,33,0,0,11
metre,0,33,0,0,11
metropolitan,0,33,0,0,11
microcomputer,0,33,0,0,11
microprocessor,0,33,0,0,11
microscope,0,33,0,0,11
microwave,0,33,0,0,11
midday,0,33,0,0,11
midnight,0,33,0,0,11
midst,0,33,0,0,11
mild,0,33,0,0,11
militant,0,33,0,0,11
milky,0,33,0,0,11
mill,0,33,0,0,11
millimetre,0,33,0,0,11
millionaire,0,33,0,0,11
miner,0,33,0,0,11
miniature,0,33,0,0,11
minister,0,33,0,0,11
ministry,0,33,0,0,11
minor,0,33,0,0,11
mint,0,33,0,0,11
mischief,0,33,0,0,11
miser,0,33,0,0,11
misery,0,33,0,0,11
misfortune,0,33,0,0,11
missile,0,33,0,0,11
missionary,0,33,0,0,11
mist,0,33,0,0,11
Mister,0,33,0,0,11
mistress,0,33,0,0,11
mitten,0,33,0,0,11
mixer,0,33,0,0,11
mixture,0,33,0,0,11
moan,0,33,0,0,11
mob,0,33,0,0,11
mock,0,33,0,0,11
modesty,0,33,0,0,11
modification,0,33,0,0,11
modulate,0,33,0,0,11
module,0,33,0,0,11
moist,0,33,0,0,11
momentary,0,33,0,0,11
monarch,0,33,0,0,11
monk,0,33,0,0,11
monstrous,0,33,0,0,11
monument,0,33,0,0,11
moor,0,33,0,0,11
mop,0,33,0,0,11
mortal,0,33,0,0,11
Moslem,0,33,0,0,11
mosque,0,33,0,0,11
mosquito,0,33,0,0,11
motel,0,33,0,0,11
motion,0,33,0,0,11
motorway,0,33,0,0,11
mountainous,0,33,0,0,11
mourn,0,33,0,0,11
mouthful,0,33,0,0,11
muddy,0,33,0,0,11
mug,0,33,0,0,11
multiplication,0,33,0,0,11
multiply,0,33,0,0,11
murder,0,33,0,0,11
murderer,0,33,0,0,11
murmur,0,33,0,0,11
muscular,0,33,0,0,11
muse,0,33,0,0,11
mustard,0,33,0,0,11
mute,0,33,0,0,11
mutter,0,33,0,0,11
mutton,0,33,0,0,11
nail,0,33,0,0,11
nap,0,33,0,0,11
narration,0,33,0,0,11
nationality,0,33,0,0,11
naughty,0,33,0,0,11
naval,0,33,0,0,11
nave,0,33,0,0,11
navigation,0,33,0,0,11
navy,0,33,0,0,11
necessitate,0,33,0,0,11
neck,0,33,0,0,11
necklace,0,33,0,0,11
needle,0,33,0,0,11
needless,0,33,0,0,11
negotiation,0,33,0,0,11
negro,0,33,0,0,11
neighbourhood,0,33,0,0,11
nephew,0,33,0,0,11
nerve,0,33,0,0,11
nervous,0,33,0,0,11
neuron,0,33,0,0,11
neutron,0,33,0,0,11
nickel,0,33,0,0,11
niece,0,33,0,0,11
nitrogen,0,33,0,0,11
noble,0,33,0,0,11
nod,0,33,0,0,11
nominal,0,33,0,0,11
nominate,0,33,0,0,11
normalization,0,33,0,0,11
northward,0,33,0,0,11
northwards,0,33,0,0,11
northwest,0,33,0,0,11
notation,0,33,0,0,11
notebook,0,33,0,0,11
notification,0,33,0,0,11
nought,0,33,0,0,11
noun,0,33,0,0,11
nourishment,0,33,0,0,11
nowhere,0,33,0,0,11
nucleus,0,33,0,0,11
numerical,0,33,0,0,11
nun,0,33,0,0,11
nylon,0,33,0,0,11
oar,0,33,0,0,11
oath,0,33,0,0,11
obedience,0,33,0,0,11
obedient,0,33,0,0,11
obese,0,33,0,0,11
obstinate,0,33,0,0,11
obviously,0,33,0,0,11
Oceania,0,33,0,0,11
odour,0,33,0,0,11
offence,0,33,0,0,11
offensive,0,33,0,0,11
ohm,0,33,0,0,11
olive,0,33,0,0,11
onion,0,33,0,0,11
onward,0,33,0,0,11
onwards,0,33,0,0,11
opium,0,33,0,0,11
oppress,0,33,0,0,11
optimum,0,33,0,0,11
optional,0,33,0,0,11
orderly,0,33,0,0,11
ordinarily,0,33,0,0,11
ore,0,33,0,0,11
organ,0,33,0,0,11
orient,0,33,0,0,11
oriental,0,33,0,0,11
orientation,0,33,0,0,11
ornament,0,33,0,0,11
ornamental,0,33,0,0,11
orphan,0,33,0,0,11
orthodox,0,33,0,0,11
ounce,0,33,0,0,11
outbreak,0,33,0,0,11
outcry,0,33,0,0,11
outermost,0,33,0,0,11
outlaw,0,33,0,0,11
outrage,0,33,0,0,11
outset,0,33,0,0,11
outskirt,0,33,0,0,11
outwards,0,33,0,0,11
oval,0,33,0,0,11
oven,0,33,0,0,11
overcoat,0,33,0,0,11
overhang,0,33,0,0,11
overhear,0,33,0,0,11
overload,0,33,0,0,11
overthrow,0,33,0,0,11
ox,0,33,0,0,11
oxide,0,33,0,0,11
oxidize,0,33,0,0,11
oyster,0,33,0,0,11
packet,0,33,0,0,11
pad,0,33,0,0,11
pail,0,33,0,0,11
pal,0,33,0,0,11
pale,0,33,0,0,11
palm,0,33,0,0,11
pamphlet,0,33,0,0,11
pan,0,33,0,0,11
pane,0,33,0,0,11
pant,0,33,0,0,11
panther,0,33,0,0,11
pantry,0,33,0,0,11
pants,0,33,0,0,11
parachute,0,33,0,0,11
parade,0,33,0,0,11
paralyse,0,33,0,0,11
paralyze,0,33,0,0,11
parameter,0,33,0,0,11
partially,0,33,0,0,11
partition,0,33,0,0,11
paste,0,33,0,0,11
pastime,0,33,0,0,11
pat,0,33,0,0,11
pathetic,0,33,0,0,11
patriot,0,33,0,0,11
patriotic,0,33,0,0,11
patrol,0,33,0,0,11
pause,0,33,0,0,11
pavement,0,33,0,0,11
paw,0,33,0,0,11
payoff,0,33,0,0,11
peach,0,33,0,0,11
peacock,0,33,0,0,11
pear,0,33,0,0,11
peasant,0,33,0,0,11
pebble,0,33,0,0,11
peck,0,33,0,0,11
peculiar,0,33,0,0,11
pedal,0,33,0,0,11
pedlar,0,33,0,0,11
peel,0,33,0,0,11
peep,0,33,0,0,11
pendulum,0,33,0,0,11
penetration,0,33,0,0,11
pension,0,33,0,0,11
perch,0,33,0,0,11
perfume,0,33,0,0,11
perimeter,0,33,0,0,11
periodic,0,33,0,0,11
peripheral,0,33,0,0,11
permanently,0,33,0,0,11
permissible,0,33,0,0,11
perpendicular,0,33,0,0,11
persecute,0,33,0,0,11
perspiration,0,33,0,0,11
persuasion,0,33,0,0,11
pertinent,0,33,0,0,11
pessimistic,0,33,0,0,11
pet,0,33,0,0,11
petrol,0,33,0,0,11
petroleum,0,33,0,0,11
petty,0,33,0,0,11
philanthropic,0,33,0,0,11
philanthropy,0,33,0,0,11
photoelectric,0,33,0,0,11
photographic,0,33,0,0,11
photography,0,33,0,0,11
pier,0,33,0,0,11
pierce,0,33,0,0,11
pilgrim,0,33,0,0,11
pill,0,33,0,0,11
pillar,0,33,0,0,11
pillow,0,33,0,0,11
pin,0,33,0,0,11
pinch,0,33,0,0,11
pint,0,33,0,0,11
pious,0,33,0,0,11
pipe,0,33,0,0,11
pipeline,0,33,0,0,11
pirate,0,33,0,0,11
pistol,0,33,0,0,11
piston,0,33,0,0,11
pitch,0,33,0,0,11
plaster,0,33,0,0,11
plateau,0,33,0,0,11
playground,0,33,0,0,11
plea,0,33,0,0,11
plead,0,33,0,0,11
plentiful,0,33,0,0,11
pluck,0,33,0,0,11
plug,0,33,0,0,11
plump,0,33,0,0,11
plunder,0,33,0,0,11
plunge,0,33,0,0,11
plural,0,33,0,0,11
plutocrat,0,33,0,0,11
pneumatic,0,33,0,0,11
poetry,0,33,0,0,11
poke,0,33,0,0,11
polarity,0,33,0,0,11
Polish,0,33,0,0,11
polymer,0,33,0,0,11
pope,0,33,0,0,11
porch,0,33,0,0,11
pore,0,33,0,0,11
porridge,0,33,0,0,11
porter,0,33,0,0,11
Portuguese,0,33,0,0,11
postage,0,33,0,0,11
poster,0,33,0,0,11
postulate,0,33,0,0,11
pot,0,33,0,0,11
pound,0,33,0,0,11
practicable,0,33,0,0,11
prairie,0,33,0,0,11
precaution,0,33,0,0,11
precipitate,0,33,0,0,11
precision,0,33,0,0,11
preclude,0,33,0,0,11
predestine,0,33,0,0,11
predominant,0,33,0,0,11
predominantly,0,33,0,0,11
preface,0,33,0,0,11
preferable,0,33,0,0,11
pregnant,0,33,0,0,11
preliminary,0,33,0,0,11
premier,0,33,0,0,11
preposition,0,33,0,0,11
presently,0,33,0,0,11
preset,0,33,0,0,11
preside,0,33,0,0,11
presidency,0,33,0,0,11
pretext,0,33,0,0,11
prevailing,0,33,0,0,11
prevention,0,33,0,0,11
prick,0,33,0,0,11
priest,0,33,0,0,11
prime,0,33,0,0,11
prince,0,33,0,0,11
princess,0,33,0,0,11
principal,0,33,0,0,11
prism,0,33,0,0,11
probable,0,33,0,0,11
procession,0,33,0,0,11
proclaim,0,33,0,0,11
prohibition,0,33,0,0,11
projecting,0,33,0,0,11
projector,0,33,0,0,11
prominence,0,33,0,0,11
pronoun,0,33,0,0,11
pronunciation,0,33,0,0,11
propaganda,0,33,0,0,11
propel,0,33,0,0,11
propeller,0,33,0,0,11
prophecy,0,33,0,0,11
prophet,0,33,0,0,11
proportional,0,33,0,0,11
propulsion,0,33,0,0,11
prose,0,33,0,0,11
protend,0,33,0,0,11
proton,0,33,0,0,11
proverb,0,33,0,0,11
province,0,33,0,0,11
provocative,0,33,0,0,11
provost,0,33,0,0,11
prudent,0,33,0,0,11
publicity,0,33,0,0,11
pudding,0,33,0,0,11
puff,0,33,0,0,11
pulley,0,33,0,0,11
pulse,0,33,0,0,11
pump,0,33,0,0,11
pumpkin,0,33,0,0,11
punch,0,33,0,0,11
punctual,0,33,0,0,11
puppet,0,33,0,0,11
puppy,0,33,0,0,11
purity,0,33,0,0,11
purse,0,33,0,0,11
pyjamas,0,33,0,0,11
qualification,0,33,0,0,11
quantify,0,33,0,0,11
quarrel,0,33,0,0,11
quart,0,33,0,0,11
quartz,0,33,0,0,11
queer,0,33,0,0,11
quench,0,33,0,0,11
questionnaire,0,33,0,0,11
queue,0,33,0,0,11
quicken,0,33,0,0,11
quilt,0,33,0,0,11
quiver,0,33,0,0,11
quotation,0,33,0,0,11
quote,0,33,0,0,11
rack,0,33,0,0,11
racket,0,33,0,0,11
radial,0,33,0,0,11
radiant,0,33,0,0,11
radiate,0,33,0,0,11
radiator,0,33,0,0,11
radioactivity,0,33,0,0,11
radish,0,33,0,0,11
radium,0,33,0,0,11
radius,0,33,0,0,11
rag,0,33,0,0,11
raid,0,33,0,0,11
rainforest,0,33,0,0,11
raisin,0,33,0,0,11
rake,0,33,0,0,11
ramble,0,33,0,0,11
rap,0,33,0,0,11
rapidity,0,33,0,0,11
rapture,0,33,0,0,11
rascal,0,33,0,0,11
rash,0,33,0,0,11
razor,0,33,0,0,11
reactor,0,33,0,0,11
realization,0,33,0,0,11
realm,0,33,0,0,11
rebel,0,33,0,0,11
rebellion,0,33,0,0,11
rebuke,0,33,0,0,11
reciprocal,0,33,0,0,11
recite,0,33,0,0,11
recollect,0,33,0,0,11
reconcile,0,33,0,0,11
recruitment,0,33,0,0,11
rectangle,0,33,0,0,11
rectify,0,33,0,0,11
recur,0,33,0,0,11
reed,0,33,0,0,11
reef,0,33,0,0,11
reel,0,33,0,0,11
referee,0,33,0,0,11
refine,0,33,0,0,11
refinery,0,33,0,0,11
reflexion,0,33,0,0,11
refresh,0,33,0,0,11
refreshment,0,33,0,0,11
refrigerator,0,33,0,0,11
refugee,0,33,0,0,11
refusal,0,33,0,0,11
regenerate,0,33,0,0,11
regenerative,0,33,0,0,11
regime,0,33,0,0,11
regularity,0,33,0,0,11
rehearsal,0,33,0,0,11
reimburse,0,33,0,0,11
rejoice,0,33,0,0,11
rejuvenate,0,33,0,0,11
relativity,0,33,0,0,11
relax,0,33,0,0,11
relay,0,33,0,0,11
relegate,0,33,0,0,11
removal,0,33,0,0,11
repeal,0,33,0,0,11
repel,0,33,0,0,11
repent,0,33,0,0,11
repertoire,0,33,0,0,11
repetition,0,33,0,0,11
reptile,0,33,0,0,11
republic,0,33,0,0,11
requisite,0,33,0,0,11
reservation,0,33,0,0,11
reservoir,0,33,0,0,11
reside,0,33,0,0,11
residual,0,33,0,0,11
resign,0,33,0,0,11
resignation,0,33,0,0,11
resolute,0,33,0,0,11
resonance,0,33,0,0,11
respectable,0,33,0,0,11
restraint,0,33,0,0,11
resultant,0,33,0,0,11
retard,0,33,0,0,11
retell,0,33,0,0,11
retort,0,33,0,0,11
retrospect,0,33,0,0,11
reunion,0,33,0,0,11
revelation,0,33,0,0,11
revision,0,33,0,0,11
rib,0,33,0,0,11
ribbon,0,33,0,0,11
riddle,0,33,0,0,11
rider,0,33,0,0,11
ridicule,0,33,0,0,11
rifle,0,33,0,0,11
rig,0,33,0,0,11
rim,0,33,0,0,11
rinse,0,33,0,0,11
rip,0,33,0,0,11
ripen,0,33,0,0,11
ripple,0,33,0,0,11
roar,0,33,0,0,11
roast,0,33,0,0,11
robber,0,33,0,0,11
robbery,0,33,0,0,11
robe,0,33,0,0,11
rod,0,33,0,0,11
roller,0,33,0,0,11
roof,0,33,0,0,11
rooster,0,33,0,0,11
rope,0,33,0,0,11
rotary,0,33,0,0,11
rotation,0,33,0,0,11
roundabout,0,33,0,0,11
rouse,0,33,0,0,11
row,0,33,0,0,11
rub,0,33,0,0,11
rubber,0,33,0,0,11
rubbish,0,33,0,0,11
ruby,0,33,0,0,11
rug,0,33,0,0,11
ruler,0,33,0,0,11
rumour,0,33,0,0,11
rupture,0,33,0,0,11
rust,0,33,0,0,11
rusty,0,33,0,0,11
sack,0,33,0,0,11
saddle,0,33,0,0,11
sadness,0,33,0,0,11
sail,0,33,0,0,11
sailor,0,33,0,0,11
Saint,0,33,0,0,11
salesman,0,33,0,0,11
salmon,0,33,0,0,11
salute,0,33,0,0,11
salvation,0,33,0,0,11
sanction,0,33,0,0,11
sandwich,0,33,0,0,11
sardine,0,33,0,0,11
satisfactorily,0,33,0,0,11
satisfactory,0,33,0,0,11
saturate,0,33,0,0,11
saturation,0,33,0,0,11
Saturn,0,33,0,0,11
sauce,0,33,0,0,11
saucer,0,33,0,0,11
sausage,0,33,0,0,11
savage,0,33,0,0,11
scan,0,33,0,0,11
scandal,0,33,0,0,11
scar,0,33,0,0,11
scarf,0,33,0,0,11
scenery,0,33,0,0,11
scissors,0,33,0,0,11
scoff,0,33,0,0,11
scold,0,33,0,0,11
scorch,0,33,0,0,11
scorn,0,33,0,0,11
scout,0,33,0,0,11
scramble,0,33,0,0,11
scratch,0,33,0,0,11
screw,0,33,0,0,11
script,0,33,0,0,11
scripture,0,33,0,0,11
scrub,0,33,0,0,11
scrutiny,0,33,0,0,11
seam,0,33,0,0,11
seaman,0,33,0,0,11
seaport,0,33,0,0,11
seaside,0,33,0,0,11
second-hand,0,33,0,0,11
secondly,0,33,0,0,11
segregate,0,33,0,0,11
selfish,0,33,0,0,11
seller,0,33,0,0,11
semester,0,33,0,0,11
semiconductor,0,33,0,0,11
seminar,0,33,0,0,11
seminate,0,33,0,0,11
senseless,0,33,0,0,11
separately,0,33,0,0,11
separation,0,33,0,0,11
sequence,0,33,0,0,11
sermon,0,33,0,0,11
serpent,0,33,0,0,11
settlement,0,33,0,0,11
seventy,0,33,0,0,11
shadowy,0,33,0,0,11
shady,0,33,0,0,11
shaft,0,33,0,0,11
shaky,0,33,0,0,11
sham,0,33,0,0,11
shameful,0,33,0,0,11
shampoo,0,33,0,0,11
shatter,0,33,0,0,11
shear,0,33,0,0,11
shed,0,33,0,0,11
shepherd,0,33,0,0,11
shipbuilding,0,33,0,0,11
shipment,0,33,0,0,11
shiver,0,33,0,0,11
shoot,0,33,0,0,11
shopkeeper,0,33,0,0,11
shortcoming,0,33,0,0,11
shortcut,0,33,0,0,11
shortfall,0,33,0,0,11
shove,0,33,0,0,11
shovel,0,33,0,0,11
shower,0,33,0,0,11
shriek,0,33,0,0,11
shrill,0,33,0,0,11
shrimp,0,33,0,0,11
shrine,0,33,0,0,11
shutter,0,33,0,0,11
shuttle,0,33,0,0,11
sickness,0,33,0,0,11
sideways,0,33,0,0,11
siege,0,33,0,0,11
sift,0,33,0,0,11
sigh,0,33,0,0,11
sightseeing,0,33,0,0,11
significance,0,33,0,0,11
silly,0,33,0,0,11
simultaneous,0,33,0,0,11
sincere,0,33,0,0,11
sincerity,0,33,0,0,11
siren,0,33,0,0,11
sitting-room,0,33,0,0,11
skate,0,33,0,0,11
skeleton,0,33,0,0,11
sketch,0,33,0,0,11
ski,0,33,0,0,11
skillful,0,33,0,0,11
skim,0,33,0,0,11
skip,0,33,0,0,11
slam,0,33,0,0,11
slander,0,33,0,0,11
slang,0,33,0,0,11
slap,0,33,0,0,11
slaughter,0,33,0,0,11
slave,0,33,0,0,11
sleeve,0,33,0,0,11
slender,0,33,0,0,11
slice,0,33,0,0,11
slide,0,33,0,0,11
slim,0,33,0,0,11
slipper,0,33,0,0,11
slippery,0,33,0,0,11
slit,0,33,0,0,11
slogan,0,33,0,0,11
slope,0,33,0,0,11
slot,0,33,0,0,11
slum,0,33,0,0,11
slumber,0,33,0,0,11
sly,0,33,0,0,11
smuggle,0,33,0,0,11
snail,0,33,0,0,11
snake,0,33,0,0,11
snap,0,33,0,0,11
snatch,0,33,0,0,11
sneer,0,33,0,0,11
sneeze,0,33,0,0,11
sniff,0,33,0,0,11
snore,0,33,0,0,11
snowstorm,0,33,0,0,11
snowy,0,33,0,0,11
soap,0,33,0,0,11
sob,0,33,0,0,11
sober,0,33,0,0,11
soccer,0,33,0,0,11
socialism,0,33,0,0,11
socialist,0,33,0,0,11
sociology,0,33,0,0,11
sock,0,33,0,0,11
sodium,0,33,0,0,11
sofa,0,33,0,0,11
soft,0,33,0,0,11
soften,0,33,0,0,11
softly,0,33,0,0,11
softness,0,33,0,0,11
solemn,0,33,0,0,11
solidify,0,33,0,0,11
soluble,0,33,0,0,11
solvable,0,33,0,0,11
sophisticate,0,33,0,0,11
sore,0,33,0,0,11
sorrow,0,33,0,0,11
sorrowful,0,33,0,0,11
southwards,0,33,0,0,11
southwest,0,33,0,0,11
souvenir,0,33,0,0,11
sovereign,0,33,0,0,11
Soviet,0,33,0,0,11
sow,0,33,0,0,11
soy,0,33,0,0,11
spaceship,0,33,0,0,11
spade,0,33,0,0,11
span,0,33,0,0,11
sparrow,0,33,0,0,11
spear,0,33,0,0,11
speciality,0,33,0,0,11
specially,0,33,0,0,11
specification,0,33,0,0,11
spectacle,0,33,0,0,11
spectator,0,33,0,0,11
spelling,0,33,0,0,11
spherical,0,33,0,0,11
spinal,0,33,0,0,11
spiral,0,33,0,0,11
spit,0,33,0,0,11
splash,0,33,0,0,11
splendid,0,33,0,0,11
spokesman,0,33,0,0,11
sponge,0,33,0,0,11
spoon,0,33,0,0,11
sportsman,0,33,0,0,11
spray,0,33,0,0,11
springtime,0,33,0,0,11
spy,0,33,0,0,11
squash,0,33,0,0,11
squat,0,33,0,0,11
squirrel,0,33,0,0,11
stab,0,33,0,0,11
stabilize,0,33,0,0,11
stagger,0,33,0,0,11
stain,0,33,0,0,11
stainless,0,33,0,0,11
stair,0,33,0,0,11
staircase,0,33,0,0,11
stairway,0,33,0,0,11
stale,0,33,0,0,11
stalk,0,33,0,0,11
stammer,0,33,0,0,11
standardize,0,33,0,0,11
standpoint,0,33,0,0,11
startle,0,33,0,0,11
starve,0,33,0,0,11
statesman,0,33,0,0,11
stationary,0,33,0,0,11
stationery,0,33,0,0,11
statue,0,33,0,0,11
steam,0,33,0,0,11
steamer,0,33,0,0,11
steel,0,33,0,0,11
stereo,0,33,0,0,11
stern,0,33,0,0,11
stew,0,33,0,0,11
stewardess,0,33,0,0,11
sticky,0,33,0,0,11
stiff,0,33,0,0,11
stiffen,0,33,0,0,11
stiffness,0,33,0,0,11
sting,0,33,0,0,11
stitch,0,33,0,0,11
stockholder,0,33,0,0,11
stocking,0,33,0,0,11
stone,0,33,0,0,11
stony,0,33,0,0,11
stoop,0,33,0,0,11
storey,0,33,0,0,11
stormy,0,33,0,0,11
stout,0,33,0,0,11
straighten,0,33,0,0,11
straightforward,0,33,0,0,11
strangler,0,33,0,0,11
strap,0,33,0,0,11
straw,0,33,0,0,11
strawberry,0,33,0,0,11
stride,0,33,0,0,11
strife,0,33,0,0,11
stroke,0,33,0,0,11
stroll,0,33,0,0,11
studio,0,33,0,0,11
stuffy,0,33,0,0,11
subdivide,0,33,0,0,11
subdue,0,33,0,0,11
submarine,0,33,0,0,11
submerge,0,33,0,0,11
submit,0,33,0,0,11
subordinate,0,33,0,0,11
subscribe,0,33,0,0,11
subscript,0,33,0,0,11
subsequently,0,33,0,0,11
subsidiary,0,33,0,0,11
subsidy,0,33,0,0,11
subtract,0,33,0,0,11
subway,0,33,0,0,11
succession,0,33,0,0,11
successive,0,33,0,0,11
successor,0,33,0,0,11
suck,0,33,0,0,11
sudden,0,33,0,0,11
suddenly,0,33,0,0,11
suitcase,0,33,0,0,11
sullen,0,33,0,0,11
sulphur,0,33,0,0,11
summit,0,33,0,0,11
summon,0,33,0,0,11
sunrise,0,33,0,0,11
sunshine,0,33,0,0,11
superb,0,33,0,0,11
superficial,0,33,0,0,11
superficially,0,33,0,0,11
supersonic,0,33,0,0,11
superstition,0,33,0,0,11
supervise,0,33,0,0,11
supplementary,0,33,0,0,11
supreme,0,33,0,0,11
surname,0,33,0,0,11
surrender,0,33,0,0,11
surroundings,0,33,0,0,11
suspicious,0,33,0,0,11
swamp,0,33,0,0,11
swan,0,33,0,0,11
swarm,0,33,0,0,11
swear,0,33,0,0,11
sweater,0,33,0,0,11
sweeten,0,33,0,0,11
sweetness,0,33,0,0,11
swift,0,33,0,0,11
swing,0,33,0,0,11
Swiss,0,33,0,0,11
sword,0,33,0,0,11
sympathize,0,33,0,0,11
sympathy,0,33,0,0,11
symposium,0,33,0,0,11
synthesis,0,33,0,0,11
tablet,0,33,0,0,11
tabulate,0,33,0,0,11
tack,0,33,0,0,11
tact,0,33,0,0,11
tactics,0,33,0,0,11
tail,0,33,0,0,11
tailor,0,33,0,0,11
tangle,0,33,0,0,11
tanker,0,33,0,0,11
tape,0,33,0,0,11
taper,0,33,0,0,11
tar,0,33,0,0,11
tariff,0,33,0,0,11
technique,0,33,0,0,11
telegram,0,33,0,0,11
telegraph,0,33,0,0,11
telex,0,33,0,0,11
temperament,0,33,0,0,11
tempo,0,33,0,0,11
tenable,0,33,0,0,11
tender,0,33,0,0,11
tense,0,33,0,0,11
tensile,0,33,0,0,11
tentative,0,33,0,0,11
terminal,0,33,0,0,11
terminology,0,33,0,0,11
terrace,0,33,0,0,11
terrain,0,33,0,0,11
terrify,0,33,0,0,11
terror,0,33,0,0,11
terrorist,0,33,0,0,11
testimony,0,33,0,0,11
textbook,0,33,0,0,11
textile,0,33,0,0,11
texture,0,33,0,0,11
theft,0,33,0,0,11
theorem,0,33,0,0,11
thereby,0,33,0,0,11
therein,0,33,0,0,11
thereof,0,33,0,0,11
thermometer,0,33,0,0,11
thicken,0,33,0,0,11
thickness,0,33,0,0,11
thief,0,33,0,0,11
thigh,0,33,0,0,11
thirdly,0,33,0,0,11
thirst,0,33,0,0,11
thorn,0,33,0,0,11
thoughtless,0,33,0,0,11
thrash,0,33,0,0,11
thread,0,33,0,0,11
thresh,0,33,0,0,11
threshold,0,33,0,0,11
throat,0,33,0,0,11
throne,0,33,0,0,11
throng,0,33,0,0,11
thrust,0,33,0,0,11
thumb,0,33,0,0,11
thunder,0,33,0,0,11
tick,0,33,0,0,11
tidy,0,33,0,0,11
tiger,0,33,0,0,11
tight,0,33,0,0,11
tighten,0,33,0,0,11
tile,0,33,0,0,11
tilt,0,33,0,0,11
tin,0,33,0,0,11
tiresome,0,33,0,0,11
tissue,0,33,0,0,11
toad,0,33,0,0,11
toast,0,33,0,0,11
tobacco,0,33,0,0,11
toe,0,33,0,0,11
toilet,0,33,0,0,11
token,0,33,0,0,11
tolerant,0,33,0,0,11
tolerate,0,33,0,0,11
tomb,0,33,0,0,11
tongue,0,33,0,0,11
torch,0,33,0,0,11
torment,0,33,0,0,11
torpedo,0,33,0,0,11
torque,0,33,0,0,11
torrent,0,33,0,0,11
tortoise,0,33,0,0,11
torture,0,33,0,0,11
toss,0,33,0,0,11
touchable,0,33,0,0,11
tour,0,33,0,0,11
tow,0,33,0,0,11
toy,0,33,0,0,11
tractor,0,33,0,0,11
trademark,0,33,0,0,11
trader,0,33,0,0,11
tradesman,0,33,0,0,11
tragedy,0,33,0,0,11
tragic,0,33,0,0,11
trail,0,33,0,0,11
traitor,0,33,0,0,11
tram,0,33,0,0,11
tramp,0,33,0,0,11
trample,0,33,0,0,11
transformer,0,33,0,0,11
transient,0,33,0,0,11
transistor,0,33,0,0,11
transit,0,33,0,0,11
translation,0,33,0,0,11
transmission,0,33,0,0,11
transmit,0,33,0,0,11
transverse,0,33,0,0,11
traverse,0,33,0,0,11
tread,0,33,0,0,11
treason,0,33,0,0,11
treasurer,0,33,0,0,11
treaty,0,33,0,0,11
tremendously,0,33,0,0,11
trench,0,33,0,0,11
triangle,0,33,0,0,11
triangular,0,33,0,0,11
tribute,0,33,0,0,11
trifle,0,33,0,0,11
triumphant,0,33,0,0,11
trolley,0,33,0,0,11
troop,0,33,0,0,11
tropic,0,33,0,0,11
trot,0,33,0,0,11
trousers,0,33,0,0,11
trumpet,0,33,0,0,11
trunk,0,33,0,0,11
tub,0,33,0,0,11
tube,0,33,0,0,11
tuberculosis,0,33,0,0,11
tuck,0,33,0,0,11
tulip,0,33,0,0,11
tumble,0,33,0,0,11
tuna,0,33,0,0,11
tune,0,33,0,0,11
tunnel,0,33,0,0,11
turbulent,0,33,0,0,11
turkey,0,33,0,0,11
turnip,0,33,0,0,11
twilight,0,33,0,0,11
twin,0,33,0,0,11
twinkle,0,33,0,0,11
twist,0,33,0,0,11
typewriter,0,33,0,0,11
typhoon,0,33,0,0,11
typist,0,33,0,0,11
tyranny,0,33,0,0,11
tyrant,0,33,0,0,11
tyre,0,33,0,0,11
ugly,0,33,0,0,11
ultrasonic,0,33,0,0,11
ultraviolet,0,33,0,0,11
unbearable,0,33,0,0,11
uncover,0,33,0,0,11
underline,0,33,0,0,11
undermine,0,33,0,0,11
underneath,0,33,0,0,11
undertake,0,33,0,0,11
undertaking,0,33,0,0,11
underwear,0,33,0,0,11
undesirable,0,33,0,0,11
uneasy,0,33,0,0,11
unfit,0,33,0,0,11
unhappy,0,33,0,0,11
uniformly,0,33,0,0,11
unjust,0,33,0,0,11
unkind,0,33,0,0,11
unload,0,33,0,0,11
unlucky,0,33,0,0,11
unreasonable,0,33,0,0,11
unsatisfactory,0,33,0,0,11
unsuitable,0,33,0,0,11
untie,0,33,0,0,11
upright,0,33,0,0,11
uproar,0,33,0,0,11
upside-down,0,33,0,0,11
upstairs,0,33,0,0,11
uranium,0,33,0,0,11
utensil,0,33,0,0,11
utilization,0,33,0,0,11
utmost,0,33,0,0,11
vaccinate,0,33,0,0,11
vague,0,33,0,0,11
vain,0,33,0,0,11
valve,0,33,0,0,11
vapour,0,33,0,0,11
vase,0,33,0,0,11
vault,0,33,0,0,11
vector,0,33,0,0,11
vegetation,0,33,0,0,11
velocity,0,33,0,0,11
vengeance,0,33,0,0,11
ventilate,0,33,0,0,11
Venus,0,33,0,0,11
verb,0,33,0,0,11
verge,0,33,0,0,11
verse,0,33,0,0,11
vertical,0,33,0,0,11
vest,0,33,0,0,11
veto,0,33,0,0,11
vex,0,33,0,0,11
victorious,0,33,0,0,11
victory,0,33,0,0,11
vigour,0,33,0,0,11
villa,0,33,0,0,11
vinegar,0,33,0,0,11
violent,0,33,0,0,11
violin,0,33,0,0,11
virgin,0,33,0,0,11
viscous,0,33,0,0,11
visualize,0,33,0,0,11
vitamine,0,33,0,0,11
vivid,0,33,0,0,11
vividly,0,33,0,0,11
vocation,0,33,0,0,11
volcano,0,33,0,0,11
volleyball,0,33,0,0,11
volt,0,33,0,0,11
voltage,0,33,0,0,11
vowel,0,33,0,0,11
vulgar,0,33,0,0,11
wade,0,33,0,0,11
wag,0,33,0,0,11
waggon,0,33,0,0,11
waist,0,33,0,0,11
waken,0,33,0,0,11
wallet,0,33,0,0,11
wardrobe,0,33,0,0,11
ware,0,33,0,0,11
warehouse,0,33,0,0,11
wasp,0,33,0,0,11
wasteful,0,33,0,0,11
watchful,0,33,0,0,11
waterfall,0,33,0,0,11
waterproof,0,33,0,0,11
watertight,0,33,0,0,11
watery,0,33,0,0,11
watt,0,33,0,0,11
wavelength,0,33,0,0,11
waver,0,33,0,0,11
wax,0,33,0,0,11
weapon,0,33,0,0,11
weary,0,33,0,0,11
weekday,0,33,0,0,11
weep,0,33,0,0,11
weld,0,33,0,0,11
westward,0,33,0,0,11
whale,0,33,0,0,11
wharf,0,33,0,0,11
wheel,0,33,0,0,11
whereby,0,33,0,0,11
whichever,0,33,0,0,11
whip,0,33,0,0,11
whirl,0,33,0,0,11
whisker,0,33,0,0,11
whisky,0,33,0,0,11
whisper,0,33,0,0,11
whistle,0,33,0,0,11
whitewash,0,33,0,0,11
whoever,0,33,0,0,11
wholesome,0,33,0,0,11
wholly,0,33,0,0,11
wicked,0,33,0,0,11
widow,0,33,0,0,11
width,0,33,0,0,11
wilful,0,33,0,0,11
willow,0,33,0,0,11
winding,0,33,0,0,11
windmill,0,33,0,0,11
wink,0,33,0,0,11
wireless,0,33,0,0,11
withhold,0,33,0,0,11
withstand,0,33,0,0,11
woe,0,33,0,0,11
woodpecker,0,33,0,0,11
wool,0,33,0,0,11
woollen,0,33,0,0,11
workman,0,33,0,0,11
workpiece,0,33,0,0,11
workshop,0,33,0,0,11
world-wide,0,33,0,0,11
worship,0,33,0,0,11
worthwhile,0,33,0,0,11
wound,0,33,0,0,11
wrath,0,33,0,0,11
wreath,0,33,0,0,11
wrench,0,33,0,0,11
wretched,0,33,0,0,11
wring,0,33,0,0,11
wrinkle,0,33,0,0,11
wrist,0,33,0,0,11
xerox,0,33,0,0,11
yacht,0,33,0,0,11
yard,0,33,0,0,11
yearn,0,33,0,0,11
yeast,0,33,0,0,11
yoke,0,33,0,0,11
yolk,0,33,0,0,11
youngster,0,33,0,0,11
zeal,0,33,0,0,11
zebra,0,33,0,0,11
zinc,0,33,0,0,11
